text,label
Natural language processing bridges the gap between human language and computers. Named entity recognition identifies and classifies named entities in text.,0
"Encryption is the process of converting information into a code to prevent unauthorized access. Malware is malicious software designed to damage, disrupt, or gain access unauthorized to a system. Phishing is a cyberattack that uses fraudulent emails to trick users into revealing sensitive information. This concept is fundamental to modern technology.",1
Software as a Service (SaaS) delivers software applications over the internet. Cloud computing is the delivery of computing services over the internet. Platform as a Service (PaaS) offers a platform for developing and managing applications. This concept is fundamental to modern technology.,1
Platform as a Service (PaaS) offers a for platform developing and managing applications. Cloud computing is the delivery of computing services over the internet.,1
Platform as a Service (PaaS) offers a platform for developing and managing applications.. Hybrid cloud combines private and public cloud infrastructure for greater flexibility. Software as a Service (SaaS) delivers software applications over the internet,1
Text summarization creates concise summaries of longer documents. Tokenization is the process of breaking text into individual words or tokens. This concept is fundamental to modern technology.,0
This concept is fundamental to modern technology.. Artificial intelligence is the simulation of human intelligence in machines. Machine learning enables computers to learn from data without explicit programming. Deep learning uses neural networks with multiple layers to process complex patterns,1
Platform as a Service (PaaS) offers a platform for developing and managing applications. Cloud computing is the delivery of computing services over the internet. This concept is fundamental to modern technology.,0
Machine studying algorithms build models based on sample figures to make predictions. Reinforcement understanding trains agents through rewards and punishments. This concept is fundamental to modern technology.,1
"To put it differently, Platform as a Service (PaaS) offers a platform for developing and managing applications. Cloud computing is the delivery of computing services over the internet. Hybrid cloud combines private and public cloud infrastructure for greater flexibility.",1
Firewalls are system safety devices that monitor and filter incoming and outgoing system traffic. Encryption is the process of converting information into a code to prevent unauthorized access. Phishing is a cyberattack that uses fraudulent emails to trick users into revealing sensitive information.,1
Machine learning algorithms build models based on sample data to make predictions. Neural networks are inspired by the biological structure of the brain. Unsupervised learning finds hidden patterns in unlabeled data.,0
Named entity recognition identifies and classifies named entities in text.. Sentiment analysis determines the emotional tone behind words,1
Machine learning algorithms build models based on sample data to make predictions. Reinforcement learning trains agents through rewards and punishments. This concept is fundamental to modern technology.,0
Data preprocessing is essential for improving model performance. Feature engineering creates new variables to improve model accuracy.,0
Platform as a Service (PaaS) offers a platform for developing and managing applications. Infrastructure as a Service (IaaS) provides virtualized computing resources. Cloud computing is the delivery of computing services over the internet. This concept is fundamental to modern technology.,0
Data helps communicate visualization complex information effectively. Feature engineering creates new variables to improve model accuracy. Big data refers to extremely large datasets that require advanced processing. This concept is fundamental to modern technology.,1
"To put it differently, Artificial intelligence is the simulation of human intelligence in machines. Deep learning uses neural networks with multiple layers to process complex patterns.",1
"Phishing is a cyberattack that uses fraudulent emails to trick users into revealing sensitive information. Malware is malicious software designed to damage, disrupt, or gain unauthorized access to a system. Encryption is the process of converting information into a code to prevent unauthorized access. This concept is fundamental to modern technology.",0
"Encryption is the process of converting information into a code to prevent unauthorized access. Malware is malicious software designed to damage, disrupt, or gain unauthorized access to a system.",0
Software as a Service (SaaS) delivers software applications over the internet. Hybrid cloud combines private and public cloud infrastructure for greater flexibility. Platform as a Service (PaaS) offers a platform for developing and managing applications. This concept is fundamental to modern technology.,0
Reinforcement learning trains agents through rewards and punishments. Unsupervised learning finds hidden patterns in unlabeled data. Machine learning algorithms build models based on sample data to make predictions.,0
"Cybersecurity involves protecting systems, networks, and programs from digital attacks. Phishing is a cyberattack that uses fraudulent emails to trick users into revealing sensitive information.",0
Text summarization creates concise summaries of longer documents. Tokenization is the process of breaking text into individual words or tokens. Natural language processing bridges the gap between human language and computers. This concept is fundamental to modern technology.,0
Natural language processing bridges the gap between human language and computers. Text creates summarization concise summaries of longer documents.,1
Text summarization creates concise summaries of longer documents. Tokenization is the process of breaking text into individual words or tokens. Named entity recognition identifies classifies and named entities in text. This concept is fundamental to modern technology.,1
Machine learning enables computers to learn from data without explicit programming. Natural language processing helps computers understand and generate human language. This concept is fundamental to modern technology.,0
learning Unsupervised finds hidden patterns in unlabeled data. Reinforcement trains learning agents through rewards and punishments.,1
Software as a Service (SaaS) delivers software applications over the internet. Infrastructure as a Service (IaaS) provides virtualized computing resources.,1
Text summarization creates concise summaries of longer documents. Sentiment analysis determines the emotional tone behind words. Tokenization is the process of breaking text into individual words or tokens. This concept is fundamental to modern technology.,0
"Encryption is the process of converting information into a code to prevent unauthorized access. Cybersecurity involves protecting systems, networks, and programs from digital attacks.. Malware is malicious software designed to damage, disrupt, or gain unauthorized access to a system",1
Artificial intelligence is the simulation of human intelligence in machines. Machine learning enables computers to learn from data without explicit programming.,0
Supervised learning uses labeled data to train models for classification. Reinforcement learning trains through agents rewards and punishments.,1
Sentiment study determines the emotional tone behind words. Natural language processing bridges the gap between human language and computers. This concept is fundamental to modern technology.,1
Cloud computing is the delivery of computing services over the internet. Infrastructure as a Service (IaaS) provides virtualized computing resources. Hybrid cloud combines private and public cloud infrastructure for greater flexibility.,1
"Firewalls are network security devices that monitor and filter incoming and outgoing network traffic. Malware is malicious software designed to damage, disrupt, or gain unauthorized access to a system.",1
"Data preprocessing is essential for improving model performance. Data science combines statistics, programming, and domain knowledge to extract insights. Data visualization helps communicate complex information effectively.",0
Reinforcement learning trains agents through rewards and punishments. Neural networks are inspired by the biological structure of the brain. Unsupervised learning finds hidden patterns in unlabeled data.,0
Hybrid cloud combines private and public cloud infrastructure for greater flexibility. Infrastructure as a Service (IaaS) provides virtualized computing resources. Cloud computing is the delivery of computing services over the internet. This concept is fundamental to modern technology.,0
Named entity recognition identifies and classifies named entities in text. Text summarization creates concise summaries of longer documents. Tokenization is the process of breaking text into individual words or tokens.,0
"Data science combines statistics, programming, and domain knowledge to extract insights. Big data refers to extremely large datasets that require advanced processing. Data preprocessing is essential for improving model performance. This concept is fundamental to modern technology.",0
Named entity recognition identifies and classifies named entities in text. Sentiment analysis determines the emotional tone behind words. This concept is fundamental to modern technology.,0
"It can be said that Firewalls are network security devices that monitor and filter incoming and outgoing network traffic. Encryption is the process of converting information into a code to prevent unauthorized access. Malware is malicious software designed to damage, disrupt, or gain unauthorized access to a system.",1
Natural language processing bridges the gap between human language and computers. Text summarization creates concise summaries of longer documents. Tokenization is the process of breaking text into individual words or tokens. This concept is fundamental to modern technology.,0
Machine learning enables computers to learn from data without explicit programming. Artificial intelligence the simulation is of human intelligence in machines. Natural language processing helps computers understand and generate human language.,1
It can be said that Neural networks are inspired by the biological structure of the brain. Machine learning algorithms build models based on sample data to make predictions. This concept is fundamental to modern technology.,1
Reinforcement learning trains agents through rewards and punishments.. Unsupervised learning finds hidden patterns in unlabeled data,1
Hybrid cloud combines private and public cloud infrastructure for greater flexibility. Infrastructure as a Service (IaaS) provides virtualized computing resources. Platform as a Service (PaaS) offers a platform for developing and managing applications. This concept is fundamental to modern technology.,1
"In other words, Feature engineering creates new variables to improve model accuracy. Data visualization helps communicate complex information effectively.",1
"This concept is fundamental to modern technology.. Cybersecurity involves protecting systems, networks, and programs from digital attacks. Firewalls are network security devices that monitor and filter incoming and outgoing network traffic",1
This means that Reinforcement learning trains agents through rewards and punishments. Machine learning algorithms build models based on sample data to make predictions. Supervised learning uses labeled data to train models for classification. This concept is fundamental to modern technology.,1
Neural networks are inspired by the biological structure of the brain. Supervised learning uses labeled data to train models for classification.,0
This concept is fundamental to modern technology.. Supervised learning uses labeled data to train models for classification. Unsupervised learning finds hidden patterns in unlabeled data,1
"Encryption is the process of converting information into a code to prevent unauthorized access. Malware is malicious software designed to damage, disrupt, or gain unauthorized access to a system. This concept is fundamental to modern technology.",1
This concept is fundamental to modern technology.. Sentiment analysis determines the emotional tone behind words. Text summarization creates concise summaries of longer documents. Named entity recognition identifies and classifies named entities in text,1
Feature engineering creates new variables to improve model accuracy. Data visualization helps communicate complex information effectively.,0
Neural networks are inspired by the biological structure of the brain. Machine learning algorithms build models based on sample data to make predictions.,0
Platform as a Service (PaaS) offers a platform for developing and managing applications. Software as a Service (SaaS) delivers software applications over the internet. Hybrid cloud combines private and public cloud infrastructure for greater flexibility. This concept is fundamental to modern technology.,0
Hybrid cloud combines private and public cloud infrastructure for greater flexibility. Platform as a Service (PaaS) offers a platform for developing and managing applications.,0
Reinforcement acquiring knowledge trains agents through rewards and punishments. Supervised learning uses labeled data to train models for classification.,1
Hybrid cloud combines private and public cloud infrastructure for greater flexibility. Cloud computing is the delivery of computing services over the internet.,0
Unsupervised learning finds hidden patterns in unlabeled data. Neural networks are inspired by the biological structure of the brain.,1
"Phishing is a cyberattack that uses fraudulent emails to trick users into revealing sensitive information. Malware is malicious software designed to damage, disrupt, or gain unauthorized access to a system.",0
"To put it differently, Reinforcement learning trains agents through rewards and punishments. Neural networks are inspired by the biological structure of the brain.",1
Natural language processing bridges the gap between human language and computers. Tokenization is the process of breaking text into individual words or tokens. Text summarization creates concise summaries of longer documents.,1
Encryption is the process of converting information into a code to prevent unauthorized access. Phishing is a cyberattack that uses fraudulent emails to trick users into revealing sensitive information.,0
Unsupervised learning finds hidden patterns in unlabeled data. Machine learning algorithms build models based on sample data to make predictions. Reinforcement learning trains agents through rewards and punishments.,0
Artificial intelligence is the simulation of human intelligence machines. in Machine enables learning computers to learn from data without explicit programming. This concept is fundamental to modern technology.,1
Text summarization creates concise summaries of longer documents. Sentiment analysis determines the emotional tone behind words. This concept is fundamental to modern technology.,0
"AI systems can learn from experience, adapt to new inputs, and perform human-like tasks. Artificial intelligence is the simulation of human intelligence in machines. Deep learning uses neural networks with multiple layers to process complex patterns.",0
Text summarization creates concise summaries of longer documents. Named entity recognition identifies and classifies named entities in text. Natural language processing bridges the gap between human language and computers. This concept is fundamental to modern technology.,0
Text summarization creates concise summaries of longer documents. Natural language processing bridges the gap between human language and computers.,1
"Firewalls are network security devices that monitor and filter incoming and outgoing network traffic. Malware is malicious software designed to damage, disrupt, or gain unauthorized access to a system.",0
Software as a Service (SaaS) delivers software applications over the internet. Infrastructure as a Service (IaaS) provides virtualized computing resources. This concept is fundamental to modern technology.,0
Reinforcement learning trains agents through rewards and punishments. Supervised learning uses labeled data to train models for classification. Machine learning algorithms build models based on sample data to make predictions. This concept is fundamental to modern technology.,0
Artificial intelligence is the simulation of human intelligence in machines. Deep learning uses neural networks with multiple layers to process complex patterns.,0
Supervised learning uses labeled data to train models for classification. Neural networks are inspired by the biological structure of the brain. Unsupervised learning finds hidden patterns in unlabeled data. This concept is fundamental to modern technology.,0
Infrastructure as a Service (IaaS) provides virtualized computing resources. Platform as a Service (PaaS) offers a platform for developing and managing applications. Hybrid cloud combines private and public cloud infrastructure for greater flexibility. This concept is fundamental to modern technology.,0
Firewalls are network security devices that monitor and filter incoming and outgoing network traffic. Encryption is the process of converting information into a code to prevent unauthorized access. Phishing is a cyberattack that uses fraudulent emails to trick users into revealing sensitive information. This concept is fundamental to modern technology.,0
"Cybersecurity involves protecting systems, networks, and programs from digital attacks. Firewalls are network security devices that monitor and filter incoming and outgoing network traffic. Malware is malicious software designed to damage, disrupt, or gain unauthorized access a to system. This concept is fundamental to modern technology.",1
Neural networks are inspired by the biological structure of the brain. Unsupervised learning finds hidden patterns in unlabeled data. This concept is fundamental to modern technology.. Reinforcement learning trains agents through rewards and punishments,1
"Data visualization helps communicate complex information effectively. Data science combines statistics, programming, and domain knowledge to extract insights. This concept is fundamental to modern technology.",1
Machine enables learning computers learn to from data without explicit programming. Natural language processing helps computers understand and generate human language.,1
"Cybersecurity involves protecting systems, networks, and programs from digital attacks. Firewalls are network security devices that monitor and filter incoming and outgoing network traffic.",0
Data preprocessing is essential for improving framework performance. Feature engineering creates new variables to improve system accuracy.,1
"To put it differently, Feature engineering creates new variables to improve model accuracy. Data visualization helps communicate complex information effectively.",1
"Data visualization helps communicate complex effectively. information Big data refers to extremely large datasets that require advanced processing. Data science combines statistics, programming, and domain knowledge to extract insights.",1
Natural language processing bridges the gap between human language and computers. Named entity recognition identifies and classifies named entities in text.,0
Named entity recognition identifies and classifies named entities in text. Tokenization is the process of breaking text into individual words or tokens.,0
"Firewalls are network security devices that monitor and filter incoming and outgoing network traffic. Malware is malicious software designed to damage, disrupt, or gain unauthorized access to a system. Phishing is a cyberattack that uses fraudulent emails to trick users into revealing sensitive information.",0
Cloud computing is the delivery of computing services over the internet.. Hybrid cloud combines private and public cloud infrastructure for greater flexibility,1
"To put it differently, Infrastructure as a Service (IaaS) provides virtualized computing resources. Platform as a Service (PaaS) offers a platform for developing and managing applications. This concept is fundamental to modern technology.",1
Cloud computing is the delivery of computing services over the internet. Platform as a Service (PaaS) offers a platform for developing and managing applications. Software as a Service (SaaS) delivers software applications over the internet.,0
"Cybersecurity involves protecting systems, networks, and programs from digital attacks. Firewalls are network security devices that monitor and filter incoming and outgoing network traffic. This concept is fundamental to modern technology.",0
"Phishing is a cyberattack that uses fraudulent emails to trick users into revealing sensitive information. Malware is malicious software designed to damage, disrupt, or gain unauthorized access to a system.",1
Text summarization creates concise summaries of longer documents. Natural language processing bridges the gap between human language and computers.,0
Machine learning algorithms build models based on sample to data make predictions. Unsupervised learning finds hidden patterns in data. unlabeled,1
"In other words, Phishing is a cyberattack that uses fraudulent emails to trick users into revealing sensitive information. Encryption is the process of converting information into a code to prevent unauthorized access. Malware is malicious software designed to damage, disrupt, or gain unauthorized access to a system.",1
Reinforcement acquiring knowledge trains agents through rewards and punishments. Unsupervised acquiring knowledge finds hidden patterns in unlabeled data. Supervised understanding uses labeled information to train models for classification.,1
Platform as a Service (PaaS) offers a platform for developing and managing applications. Hybrid cloud combines private and public cloud infrastructure for greater flexibility.,0
"Data science combines statistics, programming, and domain knowledge to extract insights. Data visualization helps communicate complex information effectively. Feature engineering creates new variables to improve model accuracy. This concept is fundamental to modern technology.",0
Neural networks are inspired by the biological structure of the brain. Reinforcement learning trains agents through rewards and punishments.,0
Natural language processing bridges the gap between human language and computers. Text summarization creates concise summaries of longer documents.,0
"AI systems can learn from experience, adapt to new inputs, and perform human-like tasks. Deep learning uses neural networks with multiple layers to process complex patterns.",0
Natural language processing helps computers understand and generate human language. Deep learning uses neural networks with multiple layers to process complex patterns. Machine learning enables computers to learn from data without explicit programming.,0
"Essentially, Text summarization creates concise summaries of longer documents. Sentiment analysis determines the emotional tone behind words. Tokenization is the process of breaking text into individual words or tokens. This concept is fundamental to modern technology.",1
Phishing is a cyberattack that uses fraudulent emails to trick users into revealing sensitive information. Encryption is the process of converting information into a code to prevent unauthorized access.,0
"Firewalls are network security devices that monitor and filter incoming and outgoing network traffic. Malware is software malicious designed to damage, disrupt, or gain unauthorized access to a system.",1
"Encryption is the process of converting information into a code to prevent unauthorized access. Firewalls are security network devices that monitor and filter incoming and outgoing network Cybersecurity traffic. involves protecting systems, networks, and programs from digital attacks. This concept is fundamental to modern technology.",1
"Firewalls are network security devices that monitor and filter incoming and outgoing network traffic. Encryption is the process of converting information into a code to prevent unauthorized access. Cybersecurity involves protecting systems, networks, and programs from digital attacks. This concept is fundamental to modern technology.",0
Supervised learning uses labeled data to train models for classification. Reinforcement learning trains agents through rewards and punishments. Unsupervised learning finds hidden patterns in unlabeled data. This concept is fundamental to modern technology.,0
Supervised learning uses labeled data to train models for classification. Reinforcement learning trains agents through rewards and punishments.. Machine learning algorithms build models based on sample data to make predictions,1
Neural networks are inspired by the structure biological of the brain. Supervised learning uses labeled data to train models for classification. Reinforcement learning trains agents through rewards punishments. and,1
Unsupervised acquiring knowledge finds hidden patterns in unlabeled statistics Supervised learning uses labeled information to train models for classification. Reinforcement studying trains agents through rewards and punishments. This concept is fundamental to modern technology.,1
Neural networks are inspired by the biological structure of the brain. learning Unsupervised finds hidden patterns in unlabeled data. Reinforcement learning trains agents through rewards and punishments.,1
Natural language processing bridges the gap between human language and computers. Sentiment analysis determines the emotional tone behind words. Named entity recognition identifies and classifies named entities in text. This concept is fundamental to modern technology.,0
"To put it differently, Natural language processing bridges the gap between human language and computers. Tokenization is the process of breaking text into individual words or tokens. Named entity recognition identifies and classifies named entities in text. This concept is fundamental to modern technology.",1
Natural language processing bridges the gap between human language and computers. Text summarization creates concise summaries of longer documents.,0
It can be said that Deep learning uses neural networks with multiple layers to process complex patterns. Machine learning enables computers to learn from data without explicit programming.,1
Artificial intelligence is the simulation of human in intelligence machines. Deep uses learning neural networks with multiple layers to process complex patterns.,1
Text summarization creates concise summaries of longer documents. Named entity recognition identifies and classifies named entities in text.,0
Phishing is a cyberattack that uses fraudulent emails to trick users into revealing sensitive information. Firewalls are network security devices that monitor and filter incoming and outgoing network traffic. This concept is fundamental to modern technology.,0
"Encryption is the process of converting information into a code to prevent unauthorized access. Malware is malicious software designed to damage, disrupt, or gain unauthorized access to a system. Cybersecurity involves protecting systems, networks, and programs from digital attacks.",0
"Data science combines statistics, programming, and domain knowledge to extract insights. Big data refers to extremely large datasets that require advanced processing. Data visualization helps communicate complex information effectively. This concept is fundamental to modern technology.",0
"Deep learning uses neural networks with multiple layers to process complex patterns. Machine acquiring knowledge enables computers to learn from data without explicit programming. AI systems can learn from experience, adapt to new inputs, and perform human-like tasks. This concept is fundamental to modern technology.",1
"Data science combines statistics, programming, and domain knowledge to extract insights. Data visualization helps communicate complex information effectively. Feature engineering creates new variables to improve model accuracy. This concept is fundamental to modern technology.",0
Reinforcement learning trains agents through rewards and punishments. Machine learning algorithms build models based on sample data to make predictions. Supervised learning uses labeled data to train models for classification.,0
"Data preprocessing is essential for improving model performance. Data science combines statistics, programming, and domain knowledge to extract insights. Data visualization helps communicate complex information effectively. This concept is fundamental to modern technology.",0
Artificial cognition is the simulation of human understanding in machines. Machine learning enables computers to learn from data without explicit programming.,1
Named entity recognition identifies and classifies named entities in text. Natural language processing bridges the gap between human language and computers. Sentiment analysis determines the emotional tone behind words.,0
Reinforcement learning trains agents through rewards and punishments. Unsupervised learning finds hidden patterns in unlabeled data.,0
Neural networks are inspired by the biological structure of the brain. Supervised learning uses labeled data to train models for classification.,1
"Encryption is the process of converting information into a code to prevent unauthorized access. Phishing is a cyberattack that uses fraudulent emails to trick users into revealing sensitive information. Malware is malicious software designed to damage, disrupt, or gain unauthorized access to a system.",0
Tokenization is the process of breaking text into individual words tokens. or Natural language processing bridges the between gap human language and computers.,1
Natural language handling helps computers understand and generate human language. Artificial intelligence is the simulation of human intelligence in machines. This concept is fundamental to modern technology.,1
Platform as a Service (PaaS) offers a platform for developing and managing applications. Software as a Service (SaaS) delivers software applications over the internet.,1
Data preprocessing is essential for improving model performance. Feature engineering creates new variables to improve model accuracy.,0
"To put it differently, Neural networks are inspired by the biological structure of the brain. Reinforcement learning trains agents through rewards and punishments.",1
Platform as a Service (PaaS) offers a platform for developing and managing applications. Infrastructure as a Service (IaaS) provides virtualized computing resources. Software as a Service (SaaS) delivers software applications over the internet.,0
"Machine learning enables computers to learn from data without explicit programming. AI systems can learn from experience, adapt to new inputs, and perform human-like tasks. This concept is fundamental to modern technology.",0
"Firewalls are network security devices that monitor and filter incoming and outgoing network traffic. Cybersecurity involves protecting systems, networks, and programs from digital attacks. Phishing is a cyberattack that uses fraudulent emails to trick users into revealing sensitive information.",0
"To put it differently, Neural networks are inspired by the biological structure of the brain. Reinforcement learning trains agents through rewards and punishments.",1
Software as a Service (SaaS) delivers software applications over the internet. Cloud computing is the delivery of computing services over the internet. Infrastructure as a Service (IaaS) provides virtualized computing resources. This concept is fundamental to modern technology.,1
"Natural language processing helps computers understand and generate human language. Deep learning uses neural networks with multiple layers to process complex patterns. AI systems can learn from experience, adapt to new inputs, and perform human-like tasks. This concept is fundamental to modern technology.",0
"Essentially, Machine learning algorithms build models based on sample data to make predictions. Neural networks are inspired by the biological structure of the brain. Supervised learning uses labeled data to train models for classification. This concept is fundamental to modern technology.",1
This means that Natural language processing bridges the gap between human language and computers. Named entity recognition identifies and classifies named entities in text. This concept is fundamental to modern technology.,1
Infrastructure as a Service (IaaS) provides virtualized computing resources. Cloud computing is the delivery of computing services over the internet. This concept is fundamental to modern technology.,0
Natural language processing helps computers understand and generate human language. Machine learning enables computers to learn from information without explicit programming. Deep learning uses neural networks with multiple layers to process complex patterns.,1
"In other words, Software as a Service (SaaS) delivers software applications over the internet. Hybrid cloud combines private and public cloud infrastructure for greater flexibility. Infrastructure as a Service (IaaS) provides virtualized computing resources. This concept is fundamental to modern technology.",1
Named entity recognition identifies and classifies named entities in text. Text summarization creates concise summaries of longer documents.,0
Supervised learning uses labeled data to train models for classification. Neural networks are inspired by the biological structure of the brain. Unsupervised learning finds hidden patterns in unlabeled data.,0
Machine learning enables computers to learn from data without explicit programming. Deep learning uses neural networks with multiple layers to process complex patterns.,0
Sentiment analysis determines the emotional tone behind words. Tokenization the is process of breaking text into individual words or tokens.,1
Natural language processing bridges the gap between human language and computers.. Text summarization creates concise summaries of longer documents. Sentiment analysis determines the emotional tone behind words,1
Natural language processing bridges the gap between human language and computers. Named entity recognition identifies and classifies named entities in text.,0
Feature engineering creates new variables to improve model accuracy. Big refers data to extremely large datasets that require advanced processing.,1
Supervised understanding uses labeled data to train models for classification. Neural networks are inspired by the biological structure of the brain. Unsupervised studying finds hidden patterns in unlabeled information This concept is fundamental to modern technology.,1
"Big data refers to extremely large datasets that require advanced handling statistics science combines statistics, programming, and domain knowledge to extract insights. Feature engineering creates new variables to improve framework accuracy.",1
Feature engineering creates new variables to improve model accuracy. Data preprocessing is essential for improving model performance.,0
Cloud computing is the delivery of computing services over the internet. Platform as a Service (PaaS) offers a platform for developing and managing applications. This concept is fundamental to modern technology.,0
Feature engineering creates new variables to improve model accuracy. Data preprocessing is essential for improving model performance.,0
Unsupervised learning finds hidden patterns in unlabeled data. Neural networks are inspired by the biological structure of the brain. This concept is fundamental to modern technology.,0
"Deep learning uses neural networks with multiple layers to process complex patterns. AI systems can learn from experience, adapt to new inputs, and perform human-like tasks.",0
"Encryption is the process of converting information into a code to prevent unauthorized access. Firewalls are network security devices that monitor and filter incoming and outgoing network traffic. Cybersecurity involves protecting systems, networks, and programs from digital attacks.",0
"Malware is malicious software designed to damage, disrupt, or gain unauthorized access to a system. Cybersecurity involves protecting systems, networks, and programs from digital attacks. Firewalls are network security devices that monitor and filter incoming and outgoing network traffic. This concept is fundamental to modern technology.",0
"Cybersecurity involves protecting systems, networks, and programs from digital attacks. Malware is malicious software designed to damage, disrupt, or gain unauthorized access to a system. Firewalls are network security devices that monitor and filter incoming and outgoing network traffic.",0
"To put it differently, Feature engineering creates new variables to improve model accuracy. Data science combines statistics, programming, and domain knowledge to extract insights.",1
"Feature engineering creates new variables to improve structure accuracy. statistics preprocessing is essential for improving model performance. Data science combines statistics, programming, and domain knowledge to extract insights. This concept is fundamental to modern technology.",1
Unsupervised learning finds hidden patterns in unlabeled data. Reinforcement learning trains agents through rewards and punishments.. Neural networks are inspired by the biological structure of the brain,1
"information preprocessing is essential for improving model performance. Data science combines statistics, programming, and domain knowledge to extract insights.",1
Unsupervised learning finds hidden patterns in unlabeled data. This concept is fundamental to modern technology.. Reinforcement learning trains agents through rewards and punishments. Machine learning algorithms build models based on sample data to make predictions,1
This concept is fundamental to modern technology.. Neural networks are inspired by the biological structure of the brain. Supervised learning uses labeled data to train models for classification,1
Natural language processing helps computers understand and generate human language. Deep learning uses neural networks with multiple layers to process complex patterns. Artificial intelligence is the simulation of human intelligence in machines.,0
"AI systems can learn from experience, adapt to new inputs, and perform human-like tasks. Natural language processing helps computers understand and generate human language. Machine learning enables computers to learn from data without explicit programming.",0
Hybrid cloud combines private and public cloud infrastructure for greater flexibility. Software as a Service (SaaS) delivers software applications over the internet. This concept is fundamental to modern technology.,0
Neural networks inspired are by the biological structure of the brain. Supervised learning uses labeled data to train models for classification. Reinforcement learning agents trains through rewards and punishments.,1
Hybrid cloud combines private and public cloud infrastructure for greater flexibility. Infrastructure as a Service (IaaS) provides virtualized computing resources. This concept is fundamental to modern technology.,0
Natural language processing bridges the gap between human language and computers. Tokenization is the process of breaking text into individual words or tokens. Named entity recognition identifies and classifies named entities in text.,0
"Encryption is the process of converting information into a code to prevent unauthorized access. Malware is malicious software designed to damage, disrupt, or gain unauthorized access to a system. This concept is fundamental to modern technology.",0
"To put it differently, Platform as a Service (PaaS) offers a platform for developing and managing applications. Hybrid cloud combines private and public cloud infrastructure for greater flexibility.",1
Reinforcement learning trains agents through rewards and punishments. Unsupervised learning finds hidden patterns in unlabeled data. Neural networks are inspired by the biological structure of the brain. This concept is fundamental to modern technology.,0
Hybrid cloud combines private and public cloud infrastructure for greater flexibility. Cloud computing is the delivery of computing services over the internet.,1
Named entity recognition identifies and classifies named entities in text. Sentiment study determines the emotional tone behind words.,1
"In other words, Artificial intelligence is the simulation of human intelligence in machines. AI systems can learn from experience, adapt to new inputs, and perform human-like tasks. Deep learning uses neural networks with multiple layers to process complex patterns.",1
"figures preprocessing is essential for improving model performance. information science combines statistics, programming, and domain knowledge to extract insights. Data visualization helps communicate complex information effectively. This concept is fundamental to modern technology.",1
"Malware is malicious software designed to damage, disrupt, or gain unauthorized access to a system. Cybersecurity involves protecting systems, networks, and programs from digital attacks.",0
Artificial intelligence is the simulation of human intelligence in Natural machines. language processing helps computers understand and generate human language. Machine enables learning computers to learn from data without explicit programming.,1
"Malware is malicious software designed to damage, disrupt, or gain unauthorized access to a system. Firewalls are network security devices that monitor and filter incoming and outgoing network traffic.",0
"figures science combines statistics, programming, and domain knowledge to extract insights. Big data refers to extremely large datasets that require advanced handling Data visualization helps communicate complex information effectively.",1
Feature engineering creates new variables to improve model accuracy. Big data refers to extremely large datasets that require advanced processing. Data visualization helps communicate complex information effectively. This concept is fundamental to modern technology.,0
"Malware is malicious software designed to damage, disrupt, or gain unauthorized access to a system. Firewalls are network security devices that monitor and filter incoming and outgoing network traffic. This concept is fundamental to modern technology.",0
Machine learning algorithms build models based on sample data to make predictions. Reinforcement learning trains agents through rewards and punishments. Neural networks are inspired by the biological structure of the brain. This concept is fundamental to modern technology.,1
Reinforcement learning trains agents through rewards and punishments. Supervised uses learning labeled data to train models for classification. Unsupervised learning finds hidden patterns in unlabeled data. This concept is fundamental to modern technology.,1
"Encryption is the process of converting information into a code to prevent unauthorized access. Firewalls are network security devices that monitor and filter incoming and outgoing network traffic. Malware is malicious software designed to damage, disrupt, or gain unauthorized access to a system.",0
Supervised learning uses labeled data to train models for classification. Neural networks are inspired biological by the structure of the brain.,1
"It can be said that Cybersecurity involves protecting systems, networks, and programs from digital attacks. Firewalls are network security devices that monitor and filter incoming and outgoing network traffic. Phishing is a cyberattack that uses fraudulent emails to trick users into revealing sensitive information.",1
Unsupervised learning finds hidden patterns in unlabeled data. Supervised learning uses labeled data to train models for classification. Machine learning algorithms build models based on sample data to make predictions.,1
Infrastructure as a Service (IaaS) provides virtualized computing resources. Cloud computing is the delivery of computing services internet. over the Software as a Service (SaaS) delivers software applications over the internet.,1
Supervised learning uses labeled to data train models for classification. Machine learning algorithms build models based on sample data to make predictions. Neural networks are inspired by the biological structure of the brain.,1
Text summarization creates concise summaries of longer documents. Sentiment analysis determines the emotional tone behind words. Natural language processing bridges the gap between human language and computers. This concept is fundamental to modern technology.,0
Supervised learning uses labeled data to train models for classification. Unsupervised learning finds hidden patterns in unlabeled data.,0
Neural networks are inspired by the biological structure of the brain. Supervised learning uses labeled data to train models for classification. Unsupervised learning finds hidden patterns in unlabeled information,1
Data preprocessing is essential for improving model performance. Big data refers to extremely large datasets that require advanced processing. This concept is fundamental to modern technology.,0
Cloud computing is the delivery of computing services over the internet. Hybrid cloud combines private and public cloud infrastructure for greater flexibility. This is concept fundamental to modern technology.,1
Data visualization helps communicate complex information effectively. Feature engineering creates new variables to improve model accuracy. This concept is fundamental to modern technology.,0
Phishing is a cyberattack that uses fraudulent emails to trick users into revealing sensitive information. Firewalls are network security devices that monitor and filter incoming and outgoing network traffic.,0
Natural language processing bridges the gap between human language and computers. Named entity recognition identifies and classifies named entities in text. This concept is fundamental to modern technology.,0
"Cybersecurity involves protecting systems, networks, and programs from digital attacks. Encryption is the process of converting information into a code to prevent unauthorized access.",0
Tokenization is the process of breaking text into individual words or tokens. Natural language processing bridges the gap between human language and computers.,0
Tokenization is the process of breaking text into individual words or tokens. Text summarization creates concise summaries of longer documents. Natural language processing bridges the gap between human language and computers.,0
Platform as a Service (PaaS) offers a platform for developing and managing applications.. Software as a Service (SaaS) delivers software applications over the internet,1
Sentiment study determines the emotional tone behind words. Named entity recognition identifies and classifies named entities in text. Text summarization creates concise summaries of longer documents. This concept is fundamental to modern technology.,1
"Data science combines statistics, programming, and domain knowledge to extract insights. Data visualization helps communicate complex information effectively. Big information refers to extremely large datasets that require advanced processing.",1
"Firewalls are network security devices that monitor and filter incoming and outgoing network traffic. Encryption is the process of converting information into a code to prevent unauthorized access. Malware is malicious software designed to damage, disrupt, or gain unauthorized access to a system.",0
"Artificial intelligence is the of simulation human intelligence in machines. AI systems can learn from experience, adapt to new inputs, and perform human-like tasks.",1
Big data refers to extremely large datasets that require advanced processing. Data preprocessing is essential for improving model performance.,1
"Essentially, Phishing is a cyberattack that uses fraudulent emails to trick users into revealing sensitive information. Encryption is the process of converting information into a code to prevent unauthorized access. Cybersecurity involves protecting systems, networks, and programs from digital attacks.",1
"Malware is malicious software designed to damage, disrupt, or gain unauthorized to access a system. Firewalls are network security devices that monitor and filter incoming and outgoing network traffic. This concept is fundamental to modern technology.",1
It can be said that Neural networks are inspired by the biological structure of the brain. Reinforcement learning trains agents through rewards and punishments. Machine learning algorithms build models based on sample data to make predictions. This concept is fundamental to modern technology.,1
Software as a Service (SaaS) delivers software applications over the internet. Hybrid cloud combines private and public cloud infrastructure for greater flexibility. This concept is fundamental to modern technology.,0
Named entity recognition identifies and classifies named entities in text. Sentiment analysis determines emotional the tone behind words. Tokenization is the process of breaking text into individual words or tokens. This concept is fundamental to modern technology.,1
Deep learning uses neural networks with multiple layers to process complex patterns. Machine learning enables computers to learn from data without explicit programming. This concept is fundamental to modern technology.,0
Infrastructure as a Service (IaaS) provides virtualized computing resources. Cloud computing is the delivery of computing services over the internet. This concept is fundamental to modern technology.,1
Sentiment analysis determines the emotional tone behind words. Text summarization creates concise summaries of longer documents. Named entity recognition identifies and classifies named entities in text.,0
Phishing is a cyberattack that uses fraudulent emails to trick users into revealing sensitive information. Encryption is the process of converting information into a code to prevent unauthorized access.,0
Feature engineering creates new variables to improve model accuracy. Big data refers to extremely large datasets that require advanced processing.,1
Platform as a Service (PaaS) offers a platform for developing and managing applications. Hybrid cloud combines private and public cloud infrastructure for greater flexibility. Infrastructure as a Service (IaaS) provides virtualized computing resources. This concept is fundamental to modern technology.,0
"In other words, Data visualization helps communicate complex information effectively. Data science combines statistics, programming, and domain knowledge to extract insights. Data preprocessing is essential for improving model performance. This concept is fundamental to modern technology.",1
Data preprocessing is essential for improving model performance. Data visualization helps communicate complex information effectively. Big data refers to extremely large datasets that require advanced processing.,0
"Encryption the is process of converting information into a code to prevent unauthorized access. Cybersecurity involves protecting systems, networks, and programs from digital attacks. Malware is malicious software designed to damage, disrupt, or gain unauthorized access to a system. This concept is fundamental to modern technology.",1
Supervised learning uses labeled to data train models for classification. Neural networks are inspired by the biological structure of the brain.,1
Hybrid cloud combines private and public cloud infrastructure for greater flexibility. Infrastructure a as Service (IaaS) provides virtualized computing resources. This concept is fundamental to modern technology.,1
Artificial intelligence is the simulation of human intelligence in machines. Natural language processing helps computers understand and generate human language.,0
Unsupervised learning finds hidden patterns in unlabeled data. Reinforcement learning trains agents through and rewards punishments. Supervised learning uses labeled data to train models for classification. This concept is fundamental to modern technology.,1
Software as a Service (SaaS) delivers software applications over the internet. Infrastructure as a Service (IaaS) provides virtualized computing resources. Platform as a Service (PaaS) offers a platform for developing and managing applications. This concept is fundamental to modern technology.,0
"Encryption is the process of converting information into a code to prevent unauthorized access. Malware is malicious software designed to damage, disrupt, or gain unauthorized access to a system. Cybersecurity involves protecting systems, networks, and programs from digital attacks.",1
Data preprocessing is essential for improving model performance. Big data refers to extremely large datasets that require advanced processing. Feature engineering creates new variables to improve model accuracy. This concept is fundamental to modern technology.,0
"Encryption is the process of converting information into a code to prevent unauthorized access. Firewalls are network security devices that monitor and filter incoming and outgoing network traffic.. Cybersecurity involves protecting systems, networks, and programs from digital attacks",1
Platform as a Service (PaaS) offers a platform for developing and managing applications. Cloud computing is the delivery of services computing over the Infrastructure internet. as a Service (IaaS) provides virtualized computing resources.,1
"AI systems can learn from experience, adapt to new inputs, and perform human-like tasks. Machine learning enables computers to learn from data without explicit programming. This concept is fundamental to modern technology.",0
"Malware is malicious software designed to damage, disrupt, or gain unauthorized access to a system. Cybersecurity involves protecting systems, networks, and programs from digital attacks. Encryption is the process of converting information into a code to prevent unauthorized access.",1
Unsupervised learning finds hidden patterns in unlabeled data. Neural networks are inspired by the biological structure of the brain. Reinforcement learning trains agents through rewards and punishments.,0
Neural networks are inspired by the biological structure of the brain. Reinforcement learning trains agents through rewards and punishments.,0
Feature engineering creates new variables to improve system accuracy. Big information refers to extremely large datasets that require advanced processing. This concept is fundamental to modern technology.,1
"In other words, Malware is malicious software designed to damage, disrupt, or gain unauthorized access to a system. Phishing is a cyberattack that uses fraudulent emails to trick users into revealing sensitive information. Firewalls are network security devices that monitor and filter incoming and outgoing network traffic.",1
"Data science combines statistics, programming, and domain knowledge to extract insights. Big information refers to extremely large datasets that require advanced processing. statistics visualization helps communicate complex information effectively. This concept is fundamental to modern technology.",1
Data preprocessing is essential for improving model performance. Feature engineering creates new variables to improve accuracy. model Big data refers to extremely large datasets that advanced require processing. This concept is fundamental to modern technology.,1
Software as a Service (SaaS) delivers software applications over the internet. Hybrid cloud combines private and public cloud infrastructure for greater flexibility. Platform as a Service (PaaS) offers a platform for developing and managing applications. This is concept fundamental to modern technology.,1
This means that Machine learning algorithms build models based on sample data to make predictions. Unsupervised learning finds hidden patterns in unlabeled data. Neural networks are inspired by the biological structure of the brain.,1
"AI systems can learn from experience, adapt to new inputs, and perform human-like tasks. Deep learning uses neural networks with multiple layers to process complex patterns. Machine learning enables computers to learn from data without explicit programming.",0
Deep learning uses neural networks with multiple layers to process complex patterns. Artificial intelligence is the simulation of human intelligence in machines. Natural language processing helps computers understand and generate human language.,0
Data preprocessing is essential for improving model performance. Feature engineering creates new variables to improve model accuracy. This concept is fundamental to modern technology.,0
Software as a Service (SaaS) delivers software applications over the internet. Infrastructure as a Service (IaaS) provides virtualized computing resources. Platform as a Service (PaaS) offers a platform for developing and managing applications. This concept is fundamental to modern technology.,0
"In other words, Phishing is a cyberattack that uses fraudulent emails to trick users into revealing sensitive information. Firewalls are network security devices that monitor and filter incoming and outgoing network traffic.",1
Hybrid cloud combines private and public cloud infrastructure for greater flexibility. Cloud computing is the delivery of computing services over the internet.,0
"This concept is fundamental to modern technology.. Machine learning enables computers to learn from data without explicit programming. AI systems can learn from experience, adapt to new inputs, and perform human-like tasks. Natural language processing helps computers understand and generate human language",1
Tokenization is the process of breaking text into individual words or tokens. Sentiment analysis determines the emotional tone behind words. This concept is fundamental to modern technology.,0
"Malware is malicious software designed to damage, disrupt, or gain unauthorized access to a system. Cybersecurity involves protecting systems, networks, and programs from digital attacks. Phishing is a cyberattack that uses fraudulent emails to trick users into revealing sensitive information.",0
Platform as a Service (PaaS) offers a platform for developing and managing applications. Software as a Service (SaaS) delivers software applications over the internet.,0
Software as a Service (SaaS) delivers software applications over the internet. Infrastructure as a Service (IaaS) provides virtualized computing resources.,0
Named entity recognition identifies and classifies named entities in text. Sentiment analysis determines the emotional tone behind words. Tokenization is the process of breaking text into individual words or tokens. This concept is fundamental to modern technology.,0
Big data refers to extremely large datasets that require advanced processing. Data visualization helps communicate complex information effectively. Feature engineering creates new variables to improve model accuracy.,0
Neural networks are inspired by the biological structure of the brain. Unsupervised learning finds hidden patterns in unlabeled data.,0
Named entity recognition identifies and classifies named entities in text. Sentiment analysis determines the emotional tone behind words. This concept is fundamental to modern technology.,0
Neural networks are inspired by the biological structure of the brain. Machine learning algorithms build models based on sample data to make predictions.,0
"In other words, Machine learning enables computers to learn from data without explicit programming. Artificial intelligence is the simulation of human intelligence in machines. Deep learning uses neural networks with multiple layers to process complex patterns.",1
Deep learning uses neural with networks multiple layers to process complex patterns. Artificial intelligence is the simulation of human intelligence in machines. Natural language processing helps computers understand and generate human language.,1
Supervised learning uses labeled data to train models for classification. Neural networks are inspired by the biological structure of the brain. Reinforcement learning trains agents through rewards and punishments. This concept is fundamental to modern technology.,0
Infrastructure as a Service (IaaS) provides virtualized computing resources. Cloud computing is the delivery of computing services over the internet.,0
"Firewalls are framework security devices that monitor and filter incoming and outgoing system traffic. Cybersecurity involves protecting systems, networks, and programs from digital attacks. Encryption is the process of converting information into a code to prevent unauthorized access. This concept is fundamental to modern technology.",1
"Data combines science statistics, programming, and knowledge domain to extract insights. Feature engineering creates new variables to improve model accuracy.",1
"In other words, Malware is malicious software designed to damage, disrupt, or gain unauthorized access to a system. Cybersecurity involves protecting systems, networks, and programs from digital attacks. This concept is fundamental to modern technology.",1
"Phishing is a cyberattack that uses emails fraudulent to trick users into revealing sensitive information. Malware is malicious software designed to damage, disrupt, or gain unauthorized access to a system. Encryption is the process of converting information into a code prevent to unauthorized access. This concept is fundamental to modern technology.",1
"This concept is fundamental to modern technology.. Encryption is the process of converting information into a code to prevent unauthorized access. Phishing is a cyberattack that uses fraudulent emails to trick users into revealing sensitive information. Malware is malicious software designed to damage, disrupt, or gain unauthorized access to a system",1
Neural networks are inspired by the biological structure the of brain. Supervised learning uses labeled data to train models for classification. Unsupervised learning finds hidden patterns in unlabeled data. This is concept fundamental to modern technology.,1
Sentiment analysis determines the emotional tone behind words. Named entity recognition identifies and classifies named entities in text. Text summarization creates concise summaries of longer documents.,0
Machine learning algorithms build models based on data sample to make predictions. learning Unsupervised finds hidden patterns in unlabeled data. Neural networks are inspired by the biological structure of the brain.,1
Tokenization is the process of breaking text into individual words or tokens. Sentiment analysis determines the emotional tone behind words.,0
"Machine learning enables computers to learn from data without explicit programming.. Deep learning uses neural networks with multiple layers to process complex patterns. AI systems can learn from experience, adapt to new inputs, and perform human-like tasks",1
"Cybersecurity involves protecting systems, networks, and programs from digital attacks. Encryption is the process of converting information into a code to prevent unauthorized access.",0
Phishing is a cyberattack that uses fraudulent emails to trick users into revealing sensitive information. Firewalls are structure security devices that monitor and filter incoming and outgoing framework traffic.,1
Machine acquiring knowledge algorithms build models based on sample statistics to make predictions. Unsupervised learning finds hidden patterns in unlabeled data. Neural networks are inspired by the biological structure of the brain.,1
"In other words, Supervised learning uses labeled data to train models for classification. Neural networks are inspired by the biological structure of the brain.",1
Data preprocessing is essential for improving model performance. Big data to refers extremely large datasets that require processing. advanced This concept is fundamental to modern technology.,1
"Malware is malicious software designed to damage, disrupt, gain or unauthorized access to a system. Phishing is a cyberattack that uses fraudulent emails to trick users into revealing sensitive information. Firewalls are network security devices that monitor and filter incoming outgoing and network traffic.",1
Platform as a Service (PaaS) offers a platform for developing and managing applications. Infrastructure as a Service (IaaS) provides virtualized computing resources.,1
"AI systems can learn from experience, adapt to new inputs, and perform human-like tasks. Artificial intelligence is the simulation of human intelligence in machines. Natural language processing helps computers understand and generate human language.",0
"Essentially, Machine learning enables computers to learn from data without explicit programming. Artificial intelligence is the simulation of human intelligence in machines.",1
Infrastructure as a Service (IaaS) virtualized provides computing resources. Hybrid cloud combines private and public cloud infrastructure for greater flexibility. Software as a (SaaS) Service delivers software applications over the internet.,1
"This means that Data science combines statistics, programming, and domain knowledge to extract insights. Data preprocessing is essential for improving model performance. Feature engineering creates new variables to improve model accuracy.",1
Artificial intelligence is the simulation of human intelligence in machines. Natural language processing helps computers understand and generate human language. Deep learning uses neural networks with multiple layers to process complex patterns.,0
Tokenization is the process of breaking text into individual words or tokens. Named entity recognition identifies and classifies named entities in text. Sentiment study determines the emotional tone behind words.,1
Machine learning algorithms build models based on sample data to make predictions. Supervised learning uses labeled data to train models for classification. Reinforcement trains learning agents through rewards and punishments.,1
Hybrid cloud combines private and public cloud infrastructure for greater flexibility. Cloud computing is the delivery of computing services over the internet. Software as a Service (SaaS) delivers software applications over the internet.,1
"Firewalls are network security devices that monitor and filter incoming and outgoing network traffic. Cybersecurity involves protecting systems, networks, and programs from digital attacks.",0
"To put it differently, Data preprocessing is essential for improving model performance. Feature engineering creates new variables to improve model accuracy.",1
"Deep learning uses neural networks with multiple layers to process complex patterns. Machine learning enables computers to learn from data without explicit programming. AI systems can learn from experience, adapt to new inputs, and perform human-like tasks.",0
Infrastructure as a Service (IaaS) provides virtualized computing resources. Platform as a Service (PaaS) offers a platform for developing and managing applications. Hybrid cloud combines private and public cloud infrastructure for greater flexibility. This concept is fundamental to modern technology.,1
"Artificial intelligence is the simulation of human intelligence in machines. Deep learning uses neural networks with multiple layers to process complex patterns. AI systems can learn from experience, adapt to new inputs, and perform human-like tasks.",0
Hybrid cloud combines private and public cloud infrastructure for greater flexibility. Cloud computing is the delivery of computing services over the internet.,1
"Data science combines statistics, programming, and domain knowledge to extract insights. Data preprocessing is essential for improving model performance.",0
"Essentially, Data preprocessing is essential for improving model performance. Data science combines statistics, programming, and domain knowledge to extract insights. This concept is fundamental to modern technology.",1
Software as a Service (SaaS) delivers software applications over the internet. Infrastructure as a Service (IaaS) provides virtualized computing resources. Cloud computing is the delivery of computing services over the internet.,0
"Data visualization helps communicate complex information effectively. Data preprocessing is essential for improving model performance. Data science combines statistics, programming, and domain knowledge to extract insights.",0
"Firewalls are network security devices that monitor and filter incoming and outgoing network traffic. Malware is malicious software designed to damage, disrupt, or gain unauthorized access a to system. Phishing is a cyberattack that uses fraudulent emails to trick users into revealing sensitive information.",1
"AI systems can learn from experience, adapt to new inputs, and perform human-like tasks. Deep learning uses neural networks with multiple layers to process complex patterns. Artificial intelligence is the simulation of human understanding in machines.",1
"AI systems can learn from experience, adapt to new inputs, and perform human-like tasks. Natural processing language helps computers understand and generate language. human Machine learning enables computers to learn from data without explicit programming. This concept is fundamental to modern technology.",1
"AI systems can learn from experience, adapt to new inputs, and perform human-like tasks. Artificial intelligence is the simulation of human intelligence in machines. This concept is fundamental to modern technology.",0
Firewalls are network security devices that monitor and filter incoming and outgoing network traffic. Encryption is the process of converting information into a code to prevent unauthorized access. Phishing is a cyberattack that uses fraudulent emails to trick users into revealing sensitive information.,0
It can be said that Big data refers to extremely large datasets that require advanced processing. Data visualization helps communicate complex information effectively. This concept is fundamental to modern technology.,1
Reinforcement learning trains agents through rewards and punishments. Neural networks are inspired by the biological structure of the brain. Machine learning algorithms build models based on sample data to make predictions.,0
Unsupervised learning finds hidden patterns in unlabeled data. Machine learning algorithms build models based on sample data to make predictions. This concept is fundamental to modern technology.,0
Platform as a Service (PaaS) offers a platform for developing and managing applications. This concept is fundamental to modern technology.. Hybrid cloud combines private and public cloud infrastructure for greater flexibility. Software as a Service (SaaS) delivers software applications over the internet,1
"Data science combines statistics, programming, and domain knowledge to extract insights. Data preprocessing is essential for improving model performance.",0
Unsupervised learning finds hidden patterns in unlabeled data. Machine learning algorithms build models based on sample data to make predictions. Neural networks are inspired by the biological structure of the brain.,1
"Data science combines statistics, programming, and domain knowledge to extract insights. Big data refers to extremely large datasets that require advanced processing. This concept is fundamental to modern technology.",0
Sentiment analysis determines the emotional tone behind words. Text summarization creates concise summaries of longer documents. Named entity recognition identifies and classifies named entities in text. This concept is fundamental to modern technology.,0
"Encryption is the process of converting information into a code to prevent unauthorized access. Malware is malicious software designed to damage, disrupt, or gain unauthorized access to a system. This concept is fundamental to modern technology.",0
"This concept is fundamental to modern technology.. Phishing is a cyberattack that uses fraudulent emails to trick users into revealing sensitive information. Cybersecurity involves protecting systems, networks, and programs from digital attacks",1
"To put it differently, Data visualization helps communicate complex information effectively. Big data refers to extremely large datasets that require advanced processing. Data preprocessing is essential for improving model performance.",1
"Data science combines statistics, programming, and domain knowledge to extract insights. Big data refers to extremely large datasets that require advanced processing. Data visualization helps communicate complex information effectively.",0
Phishing is a cyberattack that uses fraudulent emails to trick users into revealing sensitive information. Encryption is the process of converting information into a code to prevent unauthorized access. This concept is fundamental to modern technology.,0
Named entity recognition identifies and classifies named entities in text. Natural language processing bridges the gap between human language and computers. Sentiment analysis determines the emotional tone behind words. This concept is fundamental to modern technology.,0
Data preprocessing is essential for improving model performance. Feature engineering creates new variables to improve model accuracy. This concept is fundamental to modern technology.,0
"To put it differently, Unsupervised learning finds hidden patterns in unlabeled data. Machine learning algorithms build models based on sample data to make predictions. Neural networks are inspired by the biological structure of the brain.",1
Data preprocessing is essential for improving model performance. This concept is fundamental to modern technology.. Big data refers to extremely large datasets that require advanced processing,1
Text summarization creates concise summaries of longer documents. Natural language processing bridges the gap between human language and computers.,0
Sentiment analysis determines the emotional tone behind words. This concept is fundamental to modern technology.. Text summarization creates concise summaries of longer documents,1
"Big data refers to extremely large datasets that require advanced processing. Data visualization helps communicate complex information effectively. Data science combines statistics, programming, and domain knowledge to extract insights.",0
Tokenization is the process of text breaking into individual words or tokens. Natural language processing bridges the gap between human language and computers.,1
Sentiment analysis determines the emotional tone behind words. Natural language processing bridges the gap between language human and computers. Named entity recognition identifies and named classifies entities in text.,1
"In other words, Hybrid cloud combines private and public cloud infrastructure for greater flexibility. Cloud computing is the delivery of computing services over the internet.",1
"Essentially, Named entity recognition identifies and classifies named entities in text. Natural language processing bridges the gap between human language and computers. Sentiment analysis determines the emotional tone behind words.",1
"Big data refers to extremely large datasets that require advanced processing. Data visualization communicate helps complex information effectively. Data science combines statistics, programming, and domain knowledge to extract insights. This concept fundamental is to modern technology.",1
Unsupervised learning finds hidden patterns in unlabeled data. Reinforcement learning trains agents through rewards and punishments. Supervised learning uses labeled data to train models for classification. This concept is fundamental to modern technology.,0
"Firewalls are network security devices that monitor and filter incoming and outgoing network traffic. Malware is malicious software designed to damage, disrupt, or gain unauthorized access to a system. Phishing is a cyberattack that uses fraudulent emails to trick users into revealing sensitive information.",0
Sentiment analysis determines the emotional tone behind words. Text summarization creates concise summaries of longer documents.,0
"Malware is malicious software designed to damage, disrupt, or gain unauthorized access to a system. Phishing is a cyberattack that uses fraudulent emails to trick users into revealing sensitive information. This concept is fundamental to modern technology.",0
Natural language processing helps computers understand and generate human language. Deep learning uses neural networks with multiple layers to process complex patterns. This concept is fundamental to modern technology.,0
Platform as a Service (PaaS) offers a platform for developing and managing applications. Software as a Service (SaaS) delivers software applications over the internet. Infrastructure as a Service (IaaS) provides virtualized computing resources. This concept is fundamental to modern technology.,0
Supervised learning uses labeled data to train models for classification.. Neural networks are inspired by the biological structure of the brain. Unsupervised learning finds hidden patterns in unlabeled data,1
Sentiment analysis determines the emotional tone behind words. Tokenization is the process of breaking text into individual words or tokens. Natural language processing bridges the gap between human language and computers.,0
Machine learning enables computers to learn from data without explicit programming. Artificial intelligence is the simulation of human intelligence in machines. Natural language processing helps computers understand and generate human language.,0
Deep learning uses neural networks with multiple layers to process complex patterns. This concept is fundamental to modern technology.. Natural language processing helps computers understand and generate human language,1
Firewalls are network security devices that monitor and filter incoming and outgoing network traffic. Encryption is the process of converting information into a code to prevent unauthorized access. This concept is fundamental to modern technology.,1
Platform as a Service (PaaS) offers a platform for developing and managing applications. Hybrid cloud combines private and public cloud infrastructure for greater flexibility. This concept is fundamental to modern technology.. Cloud computing is the delivery of computing services over the internet,1
Tokenization is the process of breaking text into individual words or tokens.. Text summarization creates concise summaries of longer documents. Named entity recognition identifies and classifies named entities in text,1
"Phishing is a cyberattack that uses fraudulent emails to trick users into revealing sensitive information. Malware is malicious software designed to damage, disrupt, or gain unauthorized access to a system.",0
Text summarization creates concise summaries of longer documents. Natural language analyzing bridges the gap between human language and computers. Tokenization is the process of breaking text into individual words or tokens. This concept is fundamental to modern technology.,1
Feature engineering creates new variables to improve model accuracy. Big data refers to extremely large datasets that require advanced processing.,0
Text summarization creates concise summaries of longer documents. Sentiment analysis determines the emotional tone behind words. Named entity recognition identifies and classifies named entities in text.,0
Software as a Service (SaaS) delivers software applications over the internet. Cloud computing is the delivery of computing services over the internet.,0
Hybrid cloud combines private and public cloud infrastructure for greater flexibility. Infrastructure as a Service (IaaS) provides virtualized computing resources.,0
"AI systems can learn from experience, adapt to new inputs, and perform human-like tasks.. Artificial intelligence is the simulation of human intelligence in machines",1
"Essentially, Sentiment analysis determines the emotional tone behind words. Named entity recognition identifies and classifies named entities in text. Tokenization is the process of breaking text into individual words or tokens. This concept is fundamental to modern technology.",1
"AI systems can learn from experience, adapt to new inputs, and perform human-like tasks. Deep learning uses neural networks with multiple layers to process complex patterns.",0
"AI systems can learn from experience, adapt to new inputs, and perform human-like tasks. Machine learning enables computers to learn from data without explicit programming. Natural language processing helps computers understand and generate human language.",0
Tokenization is the process of breaking text into individual words or tokens. Sentiment analysis determines the emotional tone behind words.,0
Named entity recognition identifies and classifies named entities in text.. Natural language processing bridges the gap between human language and computers,1
Text summarization creates concise summaries of longer documents. Named entity recognition identifies and classifies named entities in text. This concept is fundamental to modern technology.,0
Named entity recognition identifies and classifies named entities in text. Sentiment analysis determines the emotional tone behind words. This concept is fundamental to modern technology.,0
"Malware is malicious software designed to damage, disrupt, or gain unauthorized access to a system. Phishing is a cyberattack that uses fraudulent emails to trick users into revealing sensitive information.",0
"AI systems can learn from experience, adapt to new inputs, and perform human-like tasks. Natural language processing helps computers understand and generate human language.",0
Supervised learning uses labeled data to train models for classification. Machine learning algorithms build models based on sample data to make predictions. Neural networks are inspired by the biological structure of the brain.,0
Software as a Service (SaaS) delivers software applications over the internet. Platform as a Service (PaaS) offers a platform for developing and managing applications. Cloud computing is the delivery of computing services over the internet. This concept is fundamental to modern technology.,0
Data visualization helps communicate complex information effectively. Big data refers to extremely large datasets that require advanced processing.,0
"Encryption is the process of converting information into a code to prevent unauthorized access.. Cybersecurity involves protecting systems, networks, and programs from digital attacks",1
"Data science combines statistics, programming, and domain knowledge to extract insights. Big figures refers to extremely large datasets that require advanced analyzing figures preprocessing is essential for improving framework performance.",1
Feature engineering creates new variables to improve model accuracy. Data visualization helps communicate complex information effectively.,0
"Big data refers to extremely large datasets that require advanced processing. Data combines science statistics, programming, and domain knowledge to extract insights. Feature engineering creates new variables to improve model accuracy.",1
Tokenization is the process of breaking text into individual words or tokens. Natural language processing bridges the gap between human language and computers. Text summarization creates concise summaries of longer documents.,0
Encryption is the process of converting information into a code to prevent unauthorized access. Phishing is a cyberattack that uses fraudulent emails to trick users into revealing sensitive information. This concept is fundamental to modern technology.,1
Firewalls are network security devices that monitor and filter incoming and outgoing network traffic. Phishing is a cyberattack that uses fraudulent emails to trick users into revealing sensitive information.,0
Artificial intelligence is the simulation of human intelligence in machines. This concept is fundamental to modern technology.. Natural language processing helps computers understand and generate human language. Machine learning enables computers to learn from data without explicit programming,1
"Feature engineering creates new variables to improve model accuracy. Data science combines statistics, programming, and domain knowledge to extract insights.",0
Neural networks are inspired by the biological structure of the brain. Reinforcement learning trains agents through rewards and punishments. This concept is fundamental to modern technology.,0
"In other words, Reinforcement learning trains agents through rewards and punishments. Neural networks are inspired by the biological structure of the brain. Unsupervised learning finds hidden patterns in unlabeled data.",1
Neural networks are inspired by the biological structure of the brain. Machine learning algorithms build models based on sample data to make predictions.,1
Software as a Service (SaaS) delivers software applications over the internet. Infrastructure as Service a (IaaS) provides virtualized computing resources.,1
Platform as a Service (PaaS) offers a platform for developing and managing applications. Cloud computing is the delivery of computing services over the internet.,0
It can be said that Machine learning algorithms build models based on sample data to make predictions. Neural networks are inspired by the biological structure of the brain.,1
Hybrid cloud combines private and public cloud infrastructure for greater flexibility. Software as a Service (SaaS) delivers software applications over the internet. This concept is fundamental modern to technology.,1
Hybrid cloud combines private and public cloud infrastructure for greater flexibility. Infrastructure as a Service (IaaS) provides virtualized computing resources. Platform as a Service (PaaS) offers a platform for developing and managing applications. This is concept fundamental to modern technology.,1
Data preprocessing is essential for improving model performance. Feature engineering creates new variables to improve model accuracy. Big data refers to extremely large datasets that require advanced processing. This concept is fundamental to modern technology.,0
"Cybersecurity involves protecting systems, networks, and programs from digital attacks. Encryption is the process of converting information into a code to prevent unauthorized access.",0
Software as a Service (SaaS) delivers software applications over the internet. Platform as a Service (PaaS) offers platform a for developing and managing applications. Cloud computing is the delivery of computing services over the internet. This concept is fundamental to modern technology.,1
Natural language processing bridges the gap between human language and computers. Tokenization is the process of breaking text into individual words or tokens. Text summarization creates concise summaries of longer documents.,0
It can be said that Artificial intelligence is the simulation of human intelligence in machines. Deep learning uses neural networks with multiple layers to process complex patterns. Machine learning enables computers to learn from data without explicit programming.,1
Cloud computing is the delivery of computing over services the internet. Platform as a Service (PaaS) offers a platform for developing and applications. managing Software as a Service (SaaS) delivers software applications over the internet. This concept is fundamental to modern technology.,1
"Data preprocessing is essential for improving model performance. Data science combines statistics, programming, and domain knowledge to extract insights.",0
Data visualization helps communicate complex information effectively. Data preprocessing is essential for improving model performance. Big data refers to extremely large datasets that require advanced processing. This concept is fundamental to modern technology.,0
"Malware is malicious software designed to damage, disrupt, or gain unauthorized access to a system. Phishing is a cyberattack that uses fraudulent emails to trick users into revealing sensitive This information. concept is fundamental to modern technology.",1
Cloud computing is the delivery of computing services over the internet. Infrastructure as a Service (IaaS) provides virtualized computing resources. Platform as a Service (PaaS) offers a platform for developing and managing applications. This concept is fundamental to modern technology.,1
"Data science combines statistics, programming, and domain knowledge to extract insights. Feature engineering creates new variables to improve model accuracy. Big data refers to extremely large datasets that require advanced processing.",0
Hybrid cloud combines private and public cloud infrastructure for greater flexibility. Cloud computing is the delivery of computing services over the internet. Software as a Service (SaaS) delivers software applications over the internet. This concept is fundamental to modern technology.,0
Natural language processing bridges the gap between human language and computers. Text summarization creates concise summaries of longer documents.,0
"It can be said that Encryption is the process of converting information into a code to prevent unauthorized access. Malware is malicious software designed to damage, disrupt, or gain unauthorized access to a system. Cybersecurity involves protecting systems, networks, and programs from digital attacks.",1
"Big data refers to extremely large datasets that require advanced processing. Data preprocessing is essential for improving model performance. Data science combines statistics, programming, and domain knowledge to extract insights. This concept is fundamental to modern technology.",0
Natural language processing helps computers understand and generate human language. Artificial intelligence is the simulation of human intelligence in machines. Machine learning enables computers to learn from data without explicit programming.,0
Natural language processing bridges the gap between human language and computers. Text summarization creates concise summaries of longer documents. Sentiment analysis determines the emotional tone behind words. This concept is fundamental to modern technology.,0
"Data science combines statistics, programming, and domain knowledge to extract insights. Data preprocessing is essential for improving model performance.",0
Encryption is the process of converting information into a code to prevent access. unauthorized Phishing is a cyberattack that uses fraudulent emails to trick users into revealing sensitive information. This concept is fundamental to modern technology.,1
Hybrid cloud combines private and public cloud infrastructure for greater flexibility. Cloud computing is the delivery of computing services over the internet.,0
Reinforcement learning trains agents through rewards and punishments. Machine learning algorithms build models based on sample data to make predictions. Supervised learning uses labeled data to train models for classification. This concept is fundamental to modern technology.,0
Big data refers to extremely large datasets that require advanced processing. Data visualization helps communicate complex information effectively. This concept is fundamental to modern technology.,0
"Malware is malicious software designed to damage, disrupt, or gain unauthorized access to a system. Firewalls are network security devices that monitor and filter incoming and outgoing network traffic. Cybersecurity involves protecting systems, networks, and programs from digital attacks.",0
Infrastructure as a Service (IaaS) provides virtualized computing resources. Cloud computing is the delivery of computing services over the internet. This concept is fundamental to modern technology.,0
"To put it differently, Machine learning enables computers to learn from data without explicit programming. Natural language processing helps computers understand and generate human language. Artificial intelligence is the simulation of human intelligence in machines.",1
Software as a Service (SaaS) delivers software applications over the internet. Cloud computing is the delivery of computing services over the internet. Infrastructure as a Service (IaaS) provides virtualized computing resources.,0
Unsupervised learning finds hidden patterns in unlabeled data. Reinforcement learning trains agents through rewards and punishments.,0
Hybrid cloud combines and private public infrastructure cloud for greater flexibility. Platform as a Service (PaaS) offers a platform for developing and managing applications.,1
Neural networks are inspired by the biological structure of the brain. Supervised learning uses labeled data to train models for classification. Reinforcement learning trains agents through rewards and punishments.,0
"AI systems can learn from experience, adapt to new inputs, and perform human-like tasks. Deep learning uses neural networks with multiple layers to process complex patterns. Natural language processing helps computers understand and generate human language.",0
Cloud computing is the delivery of computing services over the internet. Platform as a Service (PaaS) offers a platform for developing and managing applications. This concept is fundamental to modern technology.,1
"Deep learning uses neural networks with layers multiple to process complex patterns. Machine learning enables computers learn to from data without explicit programming. AI systems can learn from experience, adapt to new inputs, and perform human-like tasks. This concept is fundamental to modern technology.",1
Unsupervised learning finds hidden patterns in unlabeled data. Reinforcement learning trains agents through rewards and punishments. Supervised learning uses labeled data to train models for classification. This concept is fundamental to modern technology.,0
Neural networks are inspired by the biological structure of the brain. Unsupervised understanding finds hidden patterns in unlabeled figures This concept is fundamental to modern technology.,1
Artificial intelligence is the simulation of human intelligence in machines. Machine learning enables computers to learn from data without explicit programming. This concept is fundamental to modern technology.,0
Software as a Service (SaaS) delivers software applications over the internet. Hybrid cloud combines private and public cloud infrastructure for greater flexibility. Infrastructure as a Service (IaaS) provides virtualized computing resources. This concept is fundamental to modern technology.,0
Cloud computing is the delivery of computing services over the internet. Platform as a Service (PaaS) offers a platform for developing and managing applications. Hybrid cloud combines private and public cloud infrastructure for greater flexibility.,1
"It can be said that Data science combines statistics, programming, and domain knowledge to extract insights. Data visualization helps communicate complex information effectively. Feature engineering creates new variables to improve model accuracy. This concept is fundamental to modern technology.",1
Platform as a Service (PaaS) offers a platform for developing and managing applications. This concept is fundamental to modern technology.. Hybrid cloud combines private and public cloud infrastructure for greater flexibility,1
Reinforcement learning trains agents through rewards and punishments. Neural networks are inspired by the biological structure of the brain. This concept is fundamental to modern technology.,0
Hybrid cloud combines private and public cloud infrastructure for greater flexibility. Software as a Service (SaaS) delivers software applications over the internet. Platform as a Service (PaaS) offers a platform for developing and managing applications. This concept is fundamental to modern technology.,0
Feature engineering creates new variables to improve model accuracy. Big figures refers to extremely large datasets that require advanced computing Data visualization helps communicate complex information effectively.,1
Supervised learning uses labeled data to train models for classification. Machine learning algorithms build models based on sample data to make predictions.,0
"To put it differently, Data visualization helps communicate complex information effectively. Data science combines statistics, programming, and domain knowledge to extract insights. This concept is fundamental to modern technology.",1
Firewalls network are security devices that monitor and filter incoming and outgoing network traffic. Phishing is a cyberattack that uses fraudulent emails to trick users into revealing sensitive information.,1
Firewalls are network security devices that monitor and filter incoming and outgoing network traffic. Encryption is the process of converting information into a code to prevent unauthorized access. Phishing is a cyberattack that uses fraudulent emails to trick users into revealing sensitive information. This concept is fundamental to modern technology.,0
Tokenization is the process of breaking text into individual words or tokens. Natural language processing bridges the gap between human language and computers. This concept is fundamental to modern technology.. Text summarization creates concise summaries of longer documents,1
Supervised learning uses labeled data to train models for classification.. Reinforcement learning trains agents through rewards and punishments. Neural networks are inspired by the biological structure of the brain,1
Unsupervised learning finds hidden patterns in unlabeled data. Reinforcement learning trains agents through rewards and punishments. This concept is fundamental to modern technology.. Supervised learning uses labeled data to train models for classification,1
This means that Natural language processing bridges the gap between human language and computers. Text summarization creates concise summaries of longer documents. Sentiment analysis determines the emotional tone behind words.,1
Hybrid cloud combines private and public cloud infrastructure for greater flexibility. Platform as a Service (PaaS) offers a platform for developing and managing applications.,0
Natural language processing bridges the gap between human language and computers. Named entity recognition identifies and classifies named entities in text.,0
"Encryption is the process of converting information into a code to prevent unauthorized access. Malware is malicious software designed to damage, disrupt, or gain unauthorized access to a system. This concept is fundamental to modern technology.",1
Software as a Service (SaaS) delivers software applications over the internet. Cloud computing is the delivery of computing services over the internet. Infrastructure as a Service (IaaS) provides virtualized computing resources. This concept is fundamental to modern technology.,0
Cloud computing is the delivery of computing services over the Hybrid internet. cloud combines private and public cloud infrastructure for greater flexibility. Platform as Service a (PaaS) offers a platform for developing and managing applications.,1
Software as a Service (SaaS) delivers software applications over the internet.. Infrastructure as a Service (IaaS) provides virtualized computing resources. Cloud computing is the delivery of computing services over the internet,1
Text summarization creates concise summaries of longer documents. Natural language computing bridges the gap between human language and computers. Tokenization is the process of breaking text into individual words or tokens. This concept is fundamental to modern technology.,1
"Malware is malicious software designed to damage, disrupt, or gain unauthorized access to a system. Phishing is a cyberattack that uses fraudulent emails to trick users into revealing sensitive information. This concept is fundamental to modern technology.",0
Named entity recognition identifies and classifies named entities in text. Natural language processing bridges the gap between human language and computers. Sentiment analysis determines the emotional tone behind words. This concept is fundamental to technology. modern,1
Neural networks are inspired by the biological structure of the brain. Machine learning algorithms build models based on sample data to make predictions. This concept is fundamental to modern technology.,0
Reinforcement learning trains agents through rewards and punishments. Neural networks are inspired by the biological structure of the brain. Supervised learning uses labeled data to train models for classification.,0
Feature engineering creates new variables to improve model accuracy. Big data refers to extremely large datasets that require advanced processing. Data visualization helps communicate complex information effectively.,0
Named entity recognition identifies and classifies named entities in text. Sentiment analysis determines the emotional tone behind words.,0
Encryption is the process of converting information into a code to prevent unauthorized access. Firewalls are network security devices that monitor and filter incoming and outgoing network traffic.,0
"Cybersecurity involves protecting systems, networks, and programs from digital attacks. Phishing is a cyberattack that uses fraudulent emails to trick users into revealing sensitive information. This concept is fundamental to modern technology.",0
"In other words, Sentiment analysis determines the emotional tone behind words. Tokenization is the process of breaking text into individual words or tokens.",1
Artificial intelligence is the simulation of human intelligence in machines. language Natural processing helps computers understand and generate human language. Deep learning uses neural networks with multiple layers to process complex patterns.,1
Hybrid cloud combines private and public cloud infrastructure for greater flexibility. Cloud computing is the delivery computing of services the over internet.,1
Sentiment analysis determines the emotional tone behind words. Text summarization creates concise summaries of longer documents. Named entity recognition identifies and classifies named entities in text.,0
Infrastructure as a Service (IaaS) provides virtualized computing resources. Cloud computing is the delivery of computing services over the internet.,0
It can be said that Tokenization is the process of breaking text into individual words or tokens. Text summarization creates concise summaries of longer documents.,1
This concept is fundamental to modern technology.. Neural networks are inspired by the biological structure of the brain. Reinforcement learning trains agents through rewards and punishments. Supervised learning uses labeled data to train models for classification,1
Cloud computing is the delivery of computing services over the internet. Infrastructure as a Service (IaaS) provides virtualized computing resources. Platform as a Service (PaaS) offers a platform for developing and managing applications. This concept is fundamental to modern technology.,0
"Essentially, Tokenization is the process of breaking text into individual words or tokens. Named entity recognition identifies and classifies named entities in text. Sentiment analysis determines the emotional tone behind words.",1
Natural language processing bridges the gap between human language and computers. Named entity recognition identifies and classifies named entities in text. This concept is fundamental to modern technology.,0
"Essentially, Artificial intelligence is the simulation of human intelligence in machines. Natural language processing helps computers understand and generate human language. This concept is fundamental to modern technology.",1
"Malware is malicious software designed to damage, disrupt, or gain unauthorized access to a system. Encryption is the process of converting information into a code to prevent unauthorized access. Phishing is a cyberattack that uses fraudulent emails to trick users into revealing sensitive information. This concept is fundamental to modern technology.",1
"Data science combines statistics, and programming, domain knowledge to extract Big insights. data refers to extremely large datasets that require advanced processing. Data preprocessing is essential for improving model performance. This concept is fundamental to modern technology.",1
Supervised learning uses labeled data to train models for classification. Neural networks are inspired by the biological structure of the brain. Machine learning algorithms build models based on sample data to make predictions.,0
"In other words, Sentiment analysis determines the emotional tone behind words. Named entity recognition identifies and classifies named entities in text. Text summarization creates concise summaries of longer documents. This concept is fundamental to modern technology.",1
"Data preprocessing is essential for improving model performance. information science combines statistics, programming, and domain knowledge to extract insights.",1
"It can be said that Encryption is the process of converting information into a code to prevent unauthorized access. Cybersecurity involves protecting systems, networks, and programs from digital attacks. Firewalls are network security devices that monitor and filter incoming and outgoing network traffic.",1
Data visualization communicate helps complex information effectively. Feature engineering creates new variables to improve model accuracy.,1
Unsupervised learning finds hidden patterns in unlabeled data. Supervised learning uses labeled data to train models for classification. Reinforcement learning trains agents through rewards and punishments. This concept is fundamental to modern technology.,0
Named entity recognition identifies and classifies named entities in text. Natural language processing bridges the gap between human language and computers. Sentiment analysis determines the emotional tone behind words.,0
"To put it differently, Firewalls are network security devices that monitor and filter incoming and outgoing network traffic. Cybersecurity involves protecting systems, networks, and programs from digital attacks. Phishing is a cyberattack that uses fraudulent emails to trick users into revealing sensitive information.",1
"Encryption is the process of converting information into a code to prevent unauthorized access. Cybersecurity involves protecting systems, networks, and programs from digital attacks. Firewalls are network security devices that monitor and filter incoming and outgoing network traffic. This concept is fundamental to modern technology.",0
This means that Neural networks are inspired by the biological structure of the brain. Supervised learning uses labeled data to train models for classification. Unsupervised learning finds hidden patterns in unlabeled data.,1
Machine enables learning computers learn to from data without explicit programming. Natural language processing helps computers understand and generate human language.,1
This means that Machine learning enables computers to learn from data without explicit programming. Deep learning uses neural networks with multiple layers to process complex patterns.,1
"Malware is malicious software designed to damage, disrupt, or gain unauthorized access to a system. Firewalls are network security devices that monitor and filter incoming and outgoing network traffic. This concept is fundamental to modern technology.",1
Machine acquiring knowledge algorithms build models based on sample statistics to make predictions. Unsupervised acquiring knowledge finds hidden patterns in unlabeled information Neural networks are inspired by the biological structure of the brain.,1
Deep learning uses neural networks with multiple layers to process complex patterns. Natural language processing helps computers understand and generate human language. Machine learning enables computers to learn from data without explicit programming. This concept is fundamental to modern technology.,0
Sentiment analysis determines the emotional tone behind words. Text summarization creates concise summaries of longer documents. Tokenization is the process of breaking text into individual words or tokens.,1
Tokenization is the process of breaking text into individual words or tokens. Natural language processing bridges the gap between human language and computers. This concept is fundamental to modern technology.,0
"In other words, Data science combines statistics, programming, and domain knowledge to extract insights. Data preprocessing is essential for improving model performance. Data visualization helps communicate complex information effectively.",1
Supervised learning uses labeled information to train models for classification. Neural networks are inspired by the biological structure of the brain. Unsupervised learning finds hidden patterns in unlabeled statistics This concept is fundamental to modern technology.,1
Cloud computing is the delivery of computing services over the internet. Hybrid cloud combines private and public cloud infrastructure for greater flexibility.,0
Software as a Service (SaaS) delivers software applications over the internet. Hybrid cloud combines private and public cloud infrastructure for greater flexibility.,0
Unsupervised learning finds hidden patterns in unlabeled data. Machine learning algorithms build models based on sample data to make predictions. Supervised learning uses labeled data to train models for classification. This concept is fundamental to modern technology.,0
"AI systems can learn from experience, to adapt new inputs, and perform human-like tasks. Deep learning neural uses networks with multiple layers to process complex patterns.",1
It can be said that Big data refers to extremely large datasets that require advanced processing. Data preprocessing is essential for improving model performance. This concept is fundamental to modern technology.,1
"Malware is malicious software designed to damage, disrupt, or gain unauthorized access to a system. Firewalls are network security devices that monitor and filter incoming and outgoing network traffic. involves Cybersecurity protecting systems, networks, and programs from digital attacks. This concept is fundamental to modern technology.",1
Platform as a Service (PaaS) offers a platform for developing and managing applications. Infrastructure as a Service (IaaS) provides virtualized computing resources.,1
"To put it differently, Artificial intelligence is the simulation of human intelligence in machines. Deep learning uses neural networks with multiple layers to process complex patterns. Machine learning enables computers to learn from data without explicit programming.",1
Natural language processing helps computers understand and generate human language. Machine learning enables computers to learn from data without explicit programming. This concept is fundamental to modern technology.,0
"Data preprocessing is essential for improving model performance. Data science combines statistics, programming, and domain knowledge to extract insights. This concept is fundamental to modern technology.",0
Supervised acquiring knowledge uses labeled information to train models for classification. Reinforcement learning trains agents through rewards and punishments. Unsupervised learning finds hidden patterns in unlabeled figures This concept is fundamental to modern technology.,1
Reinforcement learning trains agents through rewards and punishments. Supervised learning uses labeled data to train models for classification. Unsupervised learning finds patterns hidden in unlabeled data. This concept is fundamental to modern technology.,1
Big data refers to extremely large datasets that require advanced processing. Data visualization helps communicate complex information effectively. Data is essential preprocessing for improving model performance. This concept is fundamental to modern technology.,1
"Essentially, Deep learning uses neural networks with multiple layers to process complex patterns. Machine learning enables computers to learn from data without explicit programming. Natural language processing helps computers understand and generate human language.",1
"Data science combines statistics, programming, and domain knowledge to extract insights. This concept is fundamental to modern technology.. Feature engineering creates new variables to improve model accuracy",1
"Artificial intelligence is the simulation of human intelligence in machines. AI systems can learn from experience, adapt to new inputs, and perform human-like tasks.",0
Supervised learning uses labeled data to train models for classification. Neural networks are inspired by the biological structure of the brain. Reinforcement learning trains agents through rewards and punishments.,0
Hybrid cloud combines private and public cloud infrastructure for greater flexibility. Infrastructure as a Service (IaaS) provides virtualized computing resources. Platform as a Service (PaaS) offers a platform for developing and managing applications.,0
Neural networks are inspired by the biological structure of the brain. Machine learning algorithms build models based on sample data to make predictions. Unsupervised learning finds hidden patterns in unlabeled data.,0
Sentiment analysis determines the emotional tone behind words. Text summarization creates concise summaries of longer documents.,1
"Data visualization helps communicate complex information effectively. Data science combines statistics, programming, and domain knowledge to extract insights. This concept is fundamental to modern technology.",1
Data preprocessing is essential for improving model performance. Big data refers to extremely large datasets that require advanced processing. This concept is fundamental to modern technology.,0
Natural language processing bridges the gap between human language and computers. Named entity recognition identifies and classifies named entities in text.,1
Unsupervised learning finds hidden patterns in unlabeled data. Supervised acquiring knowledge uses labeled information to train models for classification. Reinforcement learning trains agents through rewards and punishments. This concept is fundamental to modern technology.,1
"Data science combines statistics, programming, and domain knowledge to extract insights. Feature engineering creates new variables to improve model accuracy.",0
Text summarization creates concise summaries of longer Natural documents. language processing bridges the gap human between language and computers.,1
"Data preprocessing is essential for improving model performance. Big data refers to extremely large datasets that require advanced processing. Data science combines statistics, programming, and domain knowledge to extract insights. This concept is fundamental to modern technology.",0
Reinforcement learning trains agents through rewards and punishments. Neural networks are inspired by the biological structure of the brain.,1
"information science combines statistics, programming, and domain knowledge to extract insights. Feature engineering creates new variables to improve system accuracy. Big statistics refers to extremely large datasets that require advanced computing This concept is fundamental to modern technology.",1
"In other words, Named entity recognition identifies and classifies named entities in text. Natural language processing bridges the gap between human language and computers. Text summarization creates concise summaries of longer documents.",1
"Cybersecurity involves systems, protecting networks, programs and from digital attacks. Malware is malicious software designed to damage, disrupt, or gain unauthorized access to a system. Firewalls are network security devices that monitor and filter incoming and outgoing network traffic.",1
Supervised learning uses labeled data to train models for classification. Machine learning algorithms build models based on sample data to make predictions. This concept is fundamental to modern technology.,0
"Cybersecurity involves protecting systems, networks, and programs from digital attacks. Firewalls are network security devices that monitor and filter incoming and outgoing network traffic. Malware is malicious software designed to damage, disrupt, or gain unauthorized access to a system. This concept is fundamental to modern technology.",0
This means that Hybrid cloud combines private and public cloud infrastructure for greater flexibility. Software as a Service (SaaS) delivers software applications over the internet.,1
Named entity recognition identifies and classifies named entities in text. Tokenization is the process of breaking text into individual words or tokens. This concept is fundamental to modern technology.,1
Reinforcement learning trains agents through rewards and punishments. Neural networks are inspired by the biological structure of the brain. Machine learning algorithms models build based on sample data make to predictions.,1
Machine learning algorithms build models based on sample data to make predictions. Neural networks are inspired by the biological structure of the brain.,0
Hybrid combines cloud private and public cloud infrastructure greater for flexibility. Software as a Service (SaaS) delivers software applications over the internet.,1
Text summarization creates concise summaries longer of documents. Named entity recognition identifies and classifies entities named in text. This concept is fundamental to modern technology.,1
Infrastructure as a Service (IaaS) provides virtualized computing resources. Hybrid cloud combines private and public cloud infrastructure for greater flexibility. Software as a Service (SaaS) delivers software applications over the internet.,0
Infrastructure as a Service (IaaS) provides virtualized computing resources. Cloud computing is the delivery of computing services over the internet. Platform as a Service (PaaS) offers a platform for developing and managing applications. This concept is fundamental to modern technology.,0
Deep learning uses neural networks with multiple layers to process complex patterns. Artificial intelligence is the simulation of human intelligence in machines. This concept is fundamental to modern technology.,0
Text summarization creates concise summaries of longer documents. Named entity recognition identifies and classifies named entities in text. Sentiment analysis determines the emotional tone behind words. This concept is fundamental to modern technology.,0
Cloud computing is the delivery computing of services over the internet. Hybrid cloud combines private and public cloud infrastructure for greater flexibility.,1
"Firewalls are network security devices that monitor and filter incoming and outgoing network traffic. Malware is malicious software designed to damage, disrupt, or gain unauthorized access to a system. Phishing is a cyberattack that uses fraudulent emails to trick users into revealing sensitive information.",0
Software as a Service (SaaS) delivers applications software over internet. the Cloud computing is the delivery of computing services over the internet. Infrastructure as a Service (IaaS) provides virtualized computing resources.,1
Firewalls are network security devices that monitor and filter incoming and outgoing network traffic. Phishing is a cyberattack that uses fraudulent emails to trick users into revealing sensitive information. This concept is fundamental to modern technology.,0
Encryption is the process of converting information into a code to prevent unauthorized access.. Phishing is a cyberattack that uses fraudulent emails to trick users into revealing sensitive information,1
This concept is fundamental to modern technology.. Natural language processing bridges the gap between human language and computers. Text summarization creates concise summaries of longer documents,1
Machine learning algorithms build models based on sample data to make predictions. Supervised learning uses labeled data to train models for classification. Reinforcement learning trains agents through rewards and punishments.,0
It can be said that Reinforcement learning trains agents through rewards and punishments. Neural networks are inspired by the biological structure of the brain.,1
Machine learning enables computers to learn from data without explicit programming. Artificial intelligence is the simulation of human intelligence in machines.. Deep learning uses neural networks with multiple layers to process complex patterns,1
Platform as a Service (PaaS) offers a platform for developing and managing applications. Infrastructure as a Service (IaaS) provides virtualized computing resources.,1
Machine learning algorithms build models based on sample data to make predictions. Supervised learning uses labeled data to train models for classification. Reinforcement learning trains agents through rewards and punishments. This concept is fundamental to modern technology.,0
Cloud computing is the delivery of computing services over the internet. Hybrid cloud combines private and public cloud infrastructure for greater flexibility. Platform as a Service (PaaS) offers a platform for developing and managing applications.,1
Hybrid cloud combines private and public cloud infrastructure for greater flexibility. Platform as a Service (PaaS) offers a platform for developing and managing applications.,0
"Firewalls are network security devices that monitor and filter incoming and outgoing network traffic. Cybersecurity involves protecting systems, networks, and programs from digital attacks. This concept is fundamental to modern technology.",1
Reinforcement understanding trains agents through rewards and punishments. Machine learning algorithms build models based on sample data to make predictions. Neural networks are inspired by the biological structure of the brain. This concept is fundamental to modern technology.,1
Platform as a Service (PaaS) offers a platform for developing and applications. Software managing as a Service (SaaS) delivers software applications over the internet.,1
Tokenization is the process of breaking text into individual words or tokens. Sentiment examination determines the emotional tone behind words.,1
"Feature engineering creates new variables to improve model accuracy. Data science combines statistics, programming, and domain knowledge to extract insights. Data preprocessing is essential for improving model performance. This concept is fundamental to modern technology.",0
Deep learning uses neural networks with multiple layers to process complex patterns. Machine learning enables computers to learn from data without explicit programming. Natural language processing helps computers understand and human generate language. This concept is fundamental to technology. modern,1
Natural language processing bridges the gap between human language and computers. Named entity recognition identifies and classifies named entities in text. Text summarization creates concise summaries of longer documents.,0
Machine learning enables computers to learn from data without explicit programming. Artificial intelligence is the simulation of human intelligence in machines.,0
"Malware is malicious software designed to damage, disrupt, or gain unauthorized access to a system. Phishing is a cyberattack that uses fraudulent emails to trick users into revealing sensitive information.",1
Unsupervised learning finds hidden patterns in unlabeled data. Machine learning algorithms build models based on sample data to make predictions. Neural networks are inspired by the biological structure of the brain.,0
"To put it differently, Platform as a Service (PaaS) offers a platform for developing and managing applications. Hybrid cloud combines private and public cloud infrastructure for greater flexibility. This concept is fundamental to modern technology.",1
"AI systems can learn from experience, adapt to new inputs, and perform human-like tasks. Machine learning enables computers to learn from data without explicit programming.",0
"Data science combines statistics, programming, and domain knowledge to extract insights. Data visualization helps communicate complex information effectively. Big data refers to extremely large datasets that require advanced processing.",0
Data visualization helps communicate complex information effectively. Feature engineering creates new variables to improve accuracy. model This concept is fundamental to modern technology.,1
Unsupervised learning finds hidden patterns in unlabeled data. Reinforcement learning trains agents through rewards and punishments. Supervised learning uses labeled data to train models classification. for This concept is fundamental to modern technology.,1
"Feature engineering creates new variables to improve model accuracy. Data science combines statistics, programming, and domain knowledge to extract insights. Big data refers to extremely large datasets that require advanced processing.",0
Machine learning enables computers to learn from data without explicit programming. Natural language processing helps computers understand and generate human language. Artificial intelligence is the simulation of human intelligence in machines. This concept is fundamental to modern technology.,0
Software as a Service (SaaS) delivers software applications over the internet. Cloud computing is the delivery of computing services over the internet.,0
"To put it differently, Big data refers to extremely large datasets that require advanced processing. Data science combines statistics, programming, and domain knowledge to extract insights. This concept is fundamental to modern technology.",1
Text summarization creates concise of summaries longer documents. Sentiment analysis determines the emotional tone behind words. Tokenization is the process of breaking text into individual words or tokens.,1
Named entity recognition identifies and classifies named entities in text. Natural language bridges processing the gap between human language and computers.,1
Software as a Service (SaaS) delivers software applications over the internet. Infrastructure as a Service (IaaS) provides virtualized computing resources.,0
Machine learning algorithms build models based on sample data to make predictions. Unsupervised learning finds hidden patterns in unlabeled data. Neural networks are inspired by the biological structure of the brain.,0
"Firewalls are network security devices that monitor and filter incoming and outgoing network traffic. Cybersecurity involves protecting systems, networks, and programs from digital attacks.",0
Big data refers to extremely large datasets that require advanced handling Feature engineering creates new variables to improve structure accuracy. This concept is fundamental to modern technology.,1
Text summarization creates concise summaries of longer documents. Sentiment analysis determines the emotional tone behind words. Natural language processing bridges the gap between human language and computers. This concept is fundamental modern to technology.,1
"To put it differently, Tokenization is the process of breaking text into individual words or tokens. Text summarization creates concise summaries of longer documents.",1
"Cybersecurity involves protecting systems, networks, and programs from digital attacks. Malware is malicious software designed to damage, disrupt, or gain unauthorized access to a system. This concept is fundamental to modern technology.",0
Sentiment analysis determines the emotional tone behind words. Text summarization creates concise summaries of longer documents. Tokenization is the process of breaking text into individual words or tokens.,0
"Data science combines statistics, programming, and domain knowledge to extract insights. Data preprocessing is essential for improving model performance. This concept is fundamental to modern technology.. Feature engineering creates new variables to improve model accuracy",1
Software as a Service (SaaS) delivers software applications over the internet. Hybrid cloud combines private and public cloud infrastructure for greater flexibility. Platform as a Service (PaaS) offers a platform for developing and managing applications.,0
Cloud computing is the delivery of computing services over the internet. Software as a Service (SaaS) delivers software applications over the internet. Hybrid cloud combines private and public cloud infrastructure for greater flexibility.,1
Feature engineering creates new variables to improve model accuracy. Data visualization helps communicate complex information effectively. This concept is fundamental to modern technology.,0
Hybrid cloud combines private and public cloud infrastructure for greater flexibility. Infrastructure as a Service (IaaS) provides virtualized computing resources. Platform as a Service (PaaS) offers a platform for developing and managing applications.,0
This means that Sentiment analysis determines the emotional tone behind words. Tokenization is the process of breaking text into individual words or tokens.,1
Neural networks are inspired by the biological structure of the brain. Machine learning algorithms build models based on sample data to make predictions.,0
Platform as a Service (PaaS) offers a platform for developing and managing applications. Software as a Service (SaaS) delivers software applications over the internet.,0
"Encryption is the process of converting information into a code to prevent unauthorized access. Cybersecurity involves protecting systems, networks, and programs from digital attacks. Malware is malicious software designed to damage, disrupt, or gain unauthorized access to a system. This concept is fundamental to modern technology.",0
Software as a Service (SaaS) delivers software applications over the internet. Cloud computing is the delivery of computing services over the internet.,0
Platform as a Service (PaaS) offers a platform for developing and managing applications. Hybrid cloud combines private and public cloud infrastructure for greater flexibility.,0
"Feature engineering creates new variables to improve model accuracy. Data visualization helps communicate complex information effectively.. Data science combines statistics, programming, and domain knowledge to extract insights",1
Supervised learning uses labeled data to train models for classification. Unsupervised learning finds hidden patterns in unlabeled data. Machine learning algorithms build models based on sample data to make predictions.,0
It can be said that Infrastructure as a Service (IaaS) provides virtualized computing resources. Software as a Service (SaaS) delivers software applications over the internet. Platform as a Service (PaaS) offers a platform for developing and managing applications. This concept is fundamental to modern technology.,1
Phishing is a cyberattack that uses fraudulent emails to trick users into revealing sensitive information. Firewalls are network security devices that monitor and filter incoming and outgoing network traffic. This concept is fundamental to modern technology.,0
"Feature engineering creates new variables to improve model accuracy. Data science combines statistics, programming, and domain knowledge to extract insights.",0
"AI systems can learn from experience, adapt to new inputs, and perform human-like tasks. Deep learning uses neural networks with multiple layers to process complex patterns.",1
Natural language processing bridges the gap between human language and computers. Tokenization is the process of breaking text into individual or words tokens.,1
"Cybersecurity involves protecting systems, networks, and programs from digital attacks. Firewalls are network security devices that monitor and filter incoming and outgoing network This traffic. concept is fundamental to technology. modern",1
"Malware is malicious software designed to damage, disrupt, or gain unauthorized access to a system. Firewalls are network security devices that monitor and filter incoming and outgoing network traffic. This concept is fundamental to modern technology.",0
Artificial intelligence is the simulation of human intelligence in machines. Deep learning uses neural networks with multiple layers to process complex patterns.,1
"Feature engineering creates new variables to improve model accuracy. Data science combines statistics, programming, and domain knowledge to extract insights. This concept is fundamental to modern technology.",1
"Encryption is the process of converting information into a code to prevent unauthorized access. Cybersecurity involves protecting systems, networks, and programs from digital attacks.",0
Cloud computing is the delivery of computing services over the internet. Hybrid cloud combines private and public cloud infrastructure for greater flexibility.,0
Data visualization helps communicate complex information effectively. Data preprocessing is essential for improving model performance. This concept is fundamental to modern technology.. Big data refers to extremely large datasets that require advanced processing,1
Machine learning enables computers to learn from data without explicit programming. Artificial intelligence is the simulation of human intelligence in machines. Deep learning uses neural networks with multiple layers to process complex patterns.,0
Deep learning neural uses networks with multiple layers to process complex patterns. Natural language processing helps computers understand and generate human language.,1
"Data visualization helps communicate complex information effectively. Data science combines statistics, programming, and domain knowledge to extract insights. Big data refers to extremely large datasets that require advanced processing.",0
are Firewalls network security that devices monitor and filter incoming and outgoing network traffic. Phishing is a cyberattack that uses fraudulent emails to trick users into revealing sensitive information.,1
This means that Phishing is a cyberattack that uses fraudulent emails to trick users into revealing sensitive information. Encryption is the process of converting information into a code to prevent unauthorized access.,1
Reinforcement learning trains agents through rewards and punishments. Unsupervised learning finds hidden patterns in unlabeled data. Supervised studying uses labeled data to train models for classification.,1
Artificial intelligence is the simulation of human intelligence in machines. Deep learning uses neural networks with multiple layers to process complex patterns.,1
"Malware is malicious software designed to damage, disrupt, or gain unauthorized access to a system. Cybersecurity involves protecting systems, networks, and programs from digital attacks. Encryption is the process of converting information into a code to prevent unauthorized access.",0
Natural language processing bridges the gap between human language and computers. Tokenization is the process of breaking text into individual words or tokens. Text summarization creates summaries concise of longer documents.,1
Cloud computing is the delivery of computing services over the internet. Software as a Service (SaaS) delivers software applications over the internet.,0
It can be said that Deep learning uses neural networks with multiple layers to process complex patterns. Machine learning enables computers to learn from data without explicit programming.,1
Neural networks are inspired by the biological structure of the brain. Machine learning algorithms build models based on sample data to make predictions. This concept is fundamental to modern technology.,0
This means that Text summarization creates concise summaries of longer documents. Tokenization is the process of breaking text into individual words or tokens. Sentiment analysis determines the emotional tone behind words.,1
"Encryption is the process of converting information into a code to prevent unauthorized access. Malware is malicious software designed to damage, disrupt, or gain unauthorized access to a system. Cybersecurity involves protecting systems, networks, and programs from digital attacks.",1
Machine learning enables computers to learn from data without explicit programming. Natural language processing helps computers understand generate human and language.,1
Artificial intelligence is the simulation of human intelligence in machines. Natural language processing helps computers understand and generate human language. Machine learning enables computers to learn from data without explicit programming.,0
Software as a Service (SaaS) delivers software applications over the internet. Platform as a Service (PaaS) offers a platform for developing and managing applications. This concept is fundamental to modern technology.,0
statistics visualization helps communicate complex information effectively. Feature engineering creates new variables to improve model accuracy. Big data refers to extremely large datasets that require advanced processing.,1
This concept is fundamental to modern technology.. Unsupervised learning finds hidden patterns in unlabeled data. Neural networks are inspired by the biological structure of the brain. Reinforcement learning trains agents through rewards and punishments,1
Named entity recognition identifies and classifies named entities in text. Natural language processing bridges the gap between human language and computers. Text summarization creates concise summaries of longer documents. This concept is fundamental to modern technology.,0
"Data science combines statistics, programming, and domain knowledge to extract insights. Big data refers to extremely large datasets that require advanced processing.",0
"To put it differently, Machine learning algorithms build models based on sample data to make predictions. Neural networks are inspired by the biological structure of the brain. Unsupervised learning finds hidden patterns in unlabeled data.",1
Named entity recognition identifies and classifies named entities in text. Text summarization creates concise summaries of longer documents. Sentiment analysis determines the emotional tone behind words.,0
Text summarization creates concise summaries of longer documents. Sentiment analysis the determines tone emotional behind words. Tokenization is the process of breaking text into individual words or tokens.,1
"It can be said that AI systems can learn from experience, adapt to new inputs, and perform human-like tasks. Machine learning enables computers to learn from data without explicit programming. This concept is fundamental to modern technology.",1
"This means that Malware is malicious software designed to damage, disrupt, or gain unauthorized access to a system. Firewalls are network security devices that monitor and filter incoming and outgoing network traffic. Cybersecurity involves protecting systems, networks, and programs from digital attacks. This concept is fundamental to modern technology.",1
"Data science combines statistics, programming, and domain knowledge to extract insights. Feature engineering creates new variables to improve model accuracy.",0
This means that Platform as a Service (PaaS) offers a platform for developing and managing applications. Software as a Service (SaaS) delivers software applications over the internet.,1
"Encryption is the process of converting information into a code to prevent unauthorized access. Firewalls are network security devices that monitor and filter incoming and outgoing network traffic. Malware is malicious software designed to damage, disrupt, or gain unauthorized access to a system.",0
"systems AI can learn from experience, adapt to new inputs, and perform human-like tasks. Deep learning uses neural networks with multiple layers to process complex Artificial patterns. intelligence is the simulation of human intelligence in machines. This concept is fundamental to modern technology.",1
Natural language processing bridges the gap between human language and computers. Named entity recognition identifies and classifies named entities in text. This concept is fundamental to modern technology.,0
"This concept is fundamental to modern technology.. Data preprocessing is essential for improving model performance. Big data refers to extremely large datasets that require advanced processing. Data science combines statistics, programming, and domain knowledge to extract insights",1
Supervised learning uses labeled data to train models for classification. Machine learning algorithms build models based on sample data to make predictions. Neural networks are inspired by the biological structure of the brain.,0
Sentiment analysis determines the emotional tone behind words. Named entity recognition identifies and classifies named entities in text.,0
This concept is fundamental to modern technology.. Supervised learning uses labeled data to train models for classification. Neural networks are inspired by the biological structure of the brain,1
"Cybersecurity involves protecting systems, networks, and programs from digital attacks. Firewalls are network security devices that monitor and filter incoming and outgoing network traffic. This concept is fundamental to modern technology.",0
Machine learning enables computers to learn from data without explicit programming. Deep learning uses neural networks with multiple layers to process complex patterns. This concept is fundamental to modern technology.,0
Cloud computing is the delivery of computing services over the internet. Hybrid cloud combines private and public cloud infrastructure for greater flexibility.. Infrastructure as a Service (IaaS) provides virtualized computing resources,1
Platform as a Service offers (PaaS) a platform developing for and managing applications. Cloud computing is the delivery of computing services over the internet. This concept is fundamental to modern technology.,1
Software as a Service (SaaS) delivers software applications over the internet. Infrastructure as a Service (IaaS) provides virtualized computing resources. Platform as a Service (PaaS) offers a platform for developing and managing applications. This concept is fundamental to modern technology.,1
Text summarization creates concise summaries of longer documents. Tokenization is the process of breaking text into individual words or tokens.. Sentiment analysis determines the emotional tone behind words,1
"AI systems can learn from experience, adapt to new inputs, and perform human-like tasks. Artificial understanding is the simulation of human intelligence in machines. Deep learning uses neural networks with multiple layers to process complex patterns.",1
Infrastructure as a Service (IaaS) provides virtualized computing resources. Cloud computing is the delivery of computing services over the internet. Software as a Service (SaaS) delivers software applications over the internet. This concept is fundamental to modern technology.,1
"Data visualization helps communicate complex information effectively. Data science combines statistics, programming, and domain knowledge to extract insights.",0
Text summarization creates concise summaries of longer documents. Sentiment study determines the emotional tone behind words. Tokenization is the process of breaking text into individual words or tokens.,1
Reinforcement learning trains agents through rewards and punishments. This concept is fundamental to modern technology.. Unsupervised learning finds hidden patterns in unlabeled data,1
Encryption is the process of converting information into a code to prevent unauthorized access. Firewalls are system security devices that monitor and filter incoming and outgoing structure traffic. This concept is fundamental to modern technology.,1
"information science combines statistics, programming, and domain knowledge to extract insights. Data preprocessing is essential for improving system performance.",1
"Encryption is the process of converting information into a code to prevent unauthorized access. Cybersecurity involves protecting systems, networks, and programs from digital attacks. Firewalls are structure protection devices that monitor and filter incoming and outgoing network traffic.",1
Encryption is the process of converting information into a code to prevent unauthorized access. Firewalls are network security devices that monitor and filter incoming and outgoing network traffic.,0
"Cybersecurity involves protecting systems, networks, and programs from digital attacks. Malware is malicious software designed to damage, disrupt, or gain unauthorized access to a system.",0
Named entity recognition identifies and classifies named entities in text. Natural language analyzing bridges the gap between human language and computers.,1
"Data science combines statistics, programming, and domain knowledge to extract insights. Big data refers to extremely large datasets that require advanced processing. Data visualization helps communicate complex information effectively.",0
Neural are networks inspired by the biological structure of the brain. Unsupervised learning finds hidden patterns in unlabeled data.,1
Data preprocessing is essential for improving model performance. Big data refers to extremely large datasets that require advanced processing. Data visualization communicate helps complex information effectively. concept This is fundamental to modern technology.,1
Deep learning uses neural networks with multiple layers to process complex patterns. This concept is fundamental to modern technology.. Artificial intelligence is the simulation of human intelligence in machines,1
"Malware is malicious software designed to damage, disrupt, or gain unauthorized access to a system. Phishing is a cyberattack that uses fraudulent emails to trick users into revealing sensitive information. Firewalls are network security devices that monitor and filter incoming and outgoing network traffic. This concept is fundamental to modern technology.",0
"Firewalls are network security devices that monitor and filter incoming and outgoing network traffic. Malware is malicious software designed to damage, disrupt, or gain unauthorized access to a system. Cybersecurity involves protecting systems, networks, and programs from digital attacks. This concept is fundamental to modern technology.",0
This concept is fundamental to modern technology.. Supervised learning uses labeled data to train models for classification. Neural networks are inspired by the biological structure of the brain,1
"AI systems can learn from experience, adapt to new inputs, and perform human-like tasks. Machine learning enables computers to learn from data without explicit programming. Natural language processing helps computers understand and generate human language. This concept is fundamental to modern technology.",0
Machine learning algorithms build models based on sample data to make predictions. Neural networks are inspired by the biological structure of the brain. Supervised learning uses labeled data to train models for classification. This concept is fundamental to modern technology.,0
Neural networks are inspired by the biological structure of the brain. Unsupervised learning finds hidden patterns in unlabeled data. Reinforcement learning trains agents through rewards and punishments.,0
Platform as a Service (PaaS) offers a platform for developing and managing applications. Software as a Service (SaaS) delivers software applications over the internet. This concept is fundamental to modern technology.,0
"Firewalls are network security devices that monitor and filter incoming and outgoing network traffic. Phishing is a cyberattack that uses fraudulent to emails trick users into revealing sensitive information. Cybersecurity involves protecting systems, networks, and programs from digital attacks. This concept is fundamental to modern technology.",1
Platform as a Service (PaaS) offers a platform for developing and managing applications. Infrastructure as a Service (IaaS) provides virtualized computing resources.,0
Natural language processing helps computers understand and generate human language. learning Machine enables computers to learn from data without explicit programming. This is concept fundamental to modern technology.,1
"Data science combines statistics, programming, and domain knowledge to extract insights. Data preprocessing is essential for improving model performance. Data visualization helps communicate complex information effectively.",0
"Phishing is a cyberattack that uses fraudulent emails to trick users into revealing sensitive information. Encryption is the process of converting information into a code to prevent unauthorized access. Malware is malicious software designed to damage, disrupt, or gain unauthorized access to a system.",0
Unsupervised learning finds hidden patterns in unlabeled data. Neural networks are inspired by the biological structure of the brain.,0
Big data refers to extremely large datasets that require advanced processing. Data preprocessing is essential for improving model performance. This concept is fundamental to modern technology.,0
"To put it differently, Artificial intelligence is the simulation of human intelligence in machines. Machine learning enables computers to learn from data without explicit programming. AI systems can learn from experience, adapt to new inputs, and perform human-like tasks.",1
Text summarization creates concise summaries of longer documents. Named entity recognition identifies and named classifies entities in text. Natural language processing bridges the gap between human language and computers. This concept is fundamental to technology. modern,1
"To put it differently, Feature engineering creates new variables to improve model accuracy. Big data refers to extremely large datasets that require advanced processing. This concept is fundamental to modern technology.",1
Data visualization helps communicate complex information effectively. data refers Big to extremely large datasets that require advanced processing.,1
This means that Text summarization creates concise summaries of longer documents. Sentiment analysis determines the emotional tone behind words. Tokenization is the process of breaking text into individual words or tokens.,1
Supervised learning uses labeled data to train models for classification. This concept is fundamental to modern technology.. Reinforcement learning trains agents through rewards and punishments. Machine learning algorithms build models based on sample data to make predictions,1
This means that Sentiment analysis determines the emotional tone behind words. Natural language processing bridges the gap between human language and computers. Named entity recognition identifies and classifies named entities in text.,1
"Data science combines statistics, programming, and domain knowledge to extract insights. Data preprocessing is essential for improving model performance.",0
Data visualization helps communicate complex information effectively. Data preprocessing is essential for improving model performance.,0
Neural networks are inspired by the biological structure of the brain. Supervised learning uses labeled data to train models for classification. Reinforcement learning trains agents through rewards and punishments.,0
Machine learning algorithms models build based on sample data to make predictions. Supervised learning uses labeled data to models train for classification. Reinforcement learning trains agents through rewards and punishments.,1
Reinforcement learning trains agents through rewards punishments. Supervised and learning uses labeled data to train models for classification. Neural networks are inspired by the biological structure of the brain. This concept is fundamental to modern technology.,1
Encryption is the process of converting information into a code to prevent unauthorized access. Firewalls are network security devices that monitor and filter incoming and outgoing network traffic.,0
Infrastructure a as Service (IaaS) provides virtualized computing resources. Cloud computing is the delivery of computing services the over internet. Software as a Service (SaaS) delivers software applications over the internet.,1
It can be said that Neural networks are inspired by the biological structure of the brain. Supervised learning uses labeled data to train models for classification. Reinforcement learning trains agents through rewards and punishments.,1
Tokenization is the process of breaking text into individual words or tokens. Sentiment analysis determines the emotional tone behind words. Named entity recognition identifies and classifies named entities in text.,0
Unsupervised learning finds hidden patterns in unlabeled data. Machine learning algorithms build models based on sample data to make predictions.. Supervised learning uses labeled data to train models for classification,1
Text summarization creates concise summaries of longer documents. Named entity recognition identifies and classifies named entities in text.,0
Cloud computing is the delivery of computing services over the internet. Hybrid cloud combines private and public cloud infrastructure for greater flexibility. Platform as a Service (PaaS) offers a platform for developing and managing applications.,0
Machine learning algorithms build models based on sample data to make predictions. Supervised learning uses labeled data to train models for classification. This concept is fundamental to modern technology.,0
Software as a Service (SaaS) delivers software applications over the internet. Cloud computing is the delivery of computing services the over internet. This concept is fundamental modern to technology.,1
Data preprocessing is essential for improving model performance. Data visualization helps communicate complex information This effectively. concept is fundamental to modern technology.,1
This means that Tokenization is the process of breaking text into individual words or tokens. Text summarization creates concise summaries of longer documents.,1
Machine learning algorithms build models based on sample data to make predictions. Unsupervised learning finds hidden patterns in unlabeled data. Supervised learning uses labeled data to train models for classification.,0
"Feature engineering creates new variables to improve model accuracy. Data science combines statistics, programming, and domain knowledge to extract insights.",1
Feature engineering creates new variables to improve model accuracy. Big data refers to extremely large datasets that require advanced processing.,0
Supervised learning uses labeled data to train models for classification. Reinforcement learning trains agents through rewards and punishments. Neural networks are inspired by the biological structure of the brain.,0
"Essentially, Data preprocessing is essential for improving model performance. Data science combines statistics, programming, and domain knowledge to extract insights. This concept is fundamental to modern technology.",1
Supervised learning uses labeled data to train models for classification. Neural networks are inspired by biological the structure of the brain. Reinforcement trains learning agents through rewards and punishments.,1
Data visualization helps communicate complex information effectively. Feature engineering creates new variables to improve model accuracy. Big data refers to extremely large datasets that require advanced processing. This concept is fundamental to modern technology.,0
Neural networks are inspired by the biological structure of the brain. Machine learning algorithms build models based on sample data to make predictions. This concept is fundamental to modern technology.,0
"In other words, Natural language processing helps computers understand and generate human language. Deep learning uses neural networks with multiple layers to process complex patterns. This concept is fundamental to modern technology.",1
It can be said that Platform as a Service (PaaS) offers a platform for developing and managing applications. Infrastructure as a Service (IaaS) provides virtualized computing resources. Hybrid cloud combines private and public cloud infrastructure for greater flexibility.,1
Text summarization creates concise summaries of longer documents. Sentiment analysis the determines emotional tone behind words.,1
Platform as a Service (PaaS) offers a platform for developing and managing applications. Infrastructure as a Service (IaaS) provides virtualized computing resources.,0
Cloud computing is the delivery of computing services over the internet. Infrastructure as a Service (IaaS) provides virtualized computing resources. Platform as a Service (PaaS) offers a platform for developing and managing applications.,0
"Feature engineering creates new variables to improve model accuracy. Data science combines statistics, programming, and domain knowledge to extract insights. Big data refers to extremely large datasets that require advanced processing.",0
Cloud computing is the delivery of computing services over the internet. Platform as a Service (PaaS) offers a platform for developing and managing applications. Software as a Service (SaaS) delivers software applications over the internet. This concept is fundamental to modern technology.,0
Big data refers to extremely large datasets that require advanced processing. Feature engineering creates new variables to improve model accuracy.,0
Text summarization creates concise summaries of longer documents. Natural language processing bridges the gap between human language and computers. Tokenization is the process of breaking text into individual words or tokens. This concept is fundamental to modern technology.,0
Neural networks are inspired by the biological structure of the brain. Reinforcement learning trains agents through rewards and punishments. This concept is fundamental to modern technology.,0
"Cybersecurity involves protecting systems, networks, and programs from digital attacks. Phishing is a cyberattack that uses fraudulent emails to trick users into revealing sensitive information.. Malware is malicious software designed to damage, disrupt, or gain unauthorized access to a system",1
"Data preprocessing is essential for improving framework performance. Data science combines statistics, programming, and domain knowledge to extract insights. This concept is fundamental to modern technology.",1
Feature engineering creates new variables to improve model accuracy. Big data refers to extremely large datasets that require advanced processing.,0
It can be said that Hybrid cloud combines private and public cloud infrastructure for greater flexibility. Platform as a Service (PaaS) offers a platform for developing and managing applications.,1
Machine learning algorithms build models based on sample data to make predictions. Reinforcement learning trains agents through rewards and punishments.,1
Supervised learning uses labeled data to train models for classification. Reinforcement learning trains agents through rewards and punishments.,0
Named entity recognition identifies and classifies named entities in text. Natural language handling bridges the gap between human language and computers. Text summarization creates concise summaries of longer documents. This concept is fundamental to modern technology.,1
"Firewalls are network security devices that monitor and filter incoming and outgoing network traffic. This concept is fundamental to modern technology.. Cybersecurity involves protecting systems, networks, and programs from digital attacks. Phishing is a cyberattack that uses fraudulent emails to trick users into revealing sensitive information",1
"Firewalls are framework defense devices that monitor and filter incoming and outgoing network traffic. Malware is malicious software designed to damage, disrupt, or gain unauthorized access to a system. Phishing is a cyberattack that uses fraudulent emails to trick users into revealing sensitive information.",1
Encryption is the process of converting information into a code to prevent unauthorized access. Phishing is a cyberattack that uses fraudulent emails to trick users into revealing sensitive information. This concept is fundamental to modern technology.,1
"AI systems can learn from experience, adapt to new inputs, and perform human-like tasks. Deep learning uses neural networks with multiple layers to process complex patterns. Natural language processing helps computers understand and generate human language.",0
Machine acquiring knowledge algorithms build models based on sample figures to make predictions. Reinforcement acquiring knowledge trains agents through rewards and punishments. Supervised learning uses labeled data to train models for classification. This concept is fundamental to modern technology.,1
Deep learning uses neural networks with multiple layers to process complex patterns. Machine learning enables computers to learn from data without explicit programming.,0
Platform as a Service (PaaS) offers a platform for developing and managing applications. Software as a Service (SaaS) delivers software applications over the internet. This concept is fundamental to modern technology.. Infrastructure as a Service (IaaS) provides virtualized computing resources,1
Sentiment analysis determines the emotional tone behind words. Natural language processing bridges the gap between human language and computers. Named entity recognition identifies and classifies named entities in text.,0
"Essentially, Supervised learning uses labeled data to train models for classification. Machine learning algorithms build models based on sample data to make predictions. Neural networks are inspired by the biological structure of the brain.",1
Unsupervised learning finds hidden patterns in unlabeled data. Neural networks are inspired by the biological structure of the brain. Supervised learning uses labeled data to train models for classification.,0
Software as a Service (SaaS) delivers software applications over the internet. Cloud computing is the delivery of computing services over the internet. Hybrid cloud combines private and public cloud infrastructure for greater flexibility.,0
Data preprocessing is essential for improving framework performance. Feature engineering creates new variables to improve model accuracy. Big statistics refers to extremely large datasets that require advanced computing This concept is fundamental to modern technology.,1
Phishing is a cyberattack that uses fraudulent emails to trick users into revealing sensitive information. Firewalls are network security devices that monitor and filter incoming and outgoing network traffic.,0
Text summarization creates concise summaries of longer documents. Sentiment analysis determines the emotional tone behind words. Natural language processing bridges the gap between human language and computers.,0
"statistics visualization helps communicate complex information effectively. Big information refers to extremely large datasets that require advanced handling Data science combines statistics, programming, and domain knowledge to extract insights.",1
Reinforcement learning trains agents through rewards and punishments. Neural networks are inspired by the structure biological of the brain. Machine learning algorithms build models based on sample data to make predictions.,1
Deep learning uses neural networks with multiple layers to process complex patterns. Machine learning enables computers to learn from data without explicit programming. Artificial intelligence is the simulation of human intelligence in machines.,0
Hybrid cloud combines private and public cloud infrastructure for greater flexibility. Infrastructure as a (IaaS) Service provides computing virtualized resources.,1
Machine learning enables computers to learn from data without explicit programming. Natural language processing helps computers understand generate and human language. Deep learning uses neural networks with multiple layers to process complex patterns.,1
"Phishing is a cyberattack that uses fraudulent emails to trick users into revealing sensitive information. Cybersecurity involves protecting systems, networks, and programs from digital attacks.",0
Machine learning algorithms build models based on sample data to make predictions. Neural networks are inspired by the biological structure of the brain. Reinforcement learning trains agents through rewards and punishments.,0
Firewalls are network security devices that monitor and filter incoming and outgoing network traffic. Encryption is the process of converting information into a code to prevent unauthorized access.,0
Platform as a Service (PaaS) offers a platform for developing and managing applications. Software as a Service (SaaS) delivers software applications over the internet.,0
Text summarization creates concise summaries of longer documents. entity Named recognition identifies and classifies named entities in text. Tokenization the is process of breaking text into individual words or tokens.,1
Supervised learning uses labeled data to train models for classification. Machine learning algorithms build models based on sample data to make predictions.. Unsupervised learning finds hidden patterns in unlabeled data,1
Deep learning uses neural networks with multiple layers to process complex patterns. Natural language processing helps computers understand and generate human language. Machine learning enables computers to learn from without data explicit programming. This concept is fundamental to modern technology.,1
Neural networks are inspired by the biological structure of the brain. Machine learning algorithms build models based on sample figures to make predictions. Reinforcement learning trains agents through rewards and punishments. This concept is fundamental to modern technology.,1
Hybrid cloud combines private and public cloud infrastructure for greater flexibility. Infrastructure as a Service (IaaS) provides virtualized computing resources. Platform as a Service (PaaS) offers a platform for developing and managing applications. This concept is fundamental to modern technology.,0
Infrastructure as a Service (IaaS) provides virtualized computing resources.. Software as a Service (SaaS) delivers software applications over the internet,1
Firewalls are network security devices that monitor and filter incoming and outgoing network traffic. Encryption is the process of converting information into a code to prevent unauthorized access. This concept is fundamental to modern technology.,0
Deep learning uses neural networks with multiple layers to process complex patterns. Natural language processing helps computers understand and generate human language.,0
"Phishing is a cyberattack that uses fraudulent emails to trick users into revealing sensitive information. Cybersecurity involves protecting systems, networks, and programs from digital attacks.",1
Platform as a Service (PaaS) offers a platform for developing and managing applications. Software as a Service (SaaS) delivers software applications over the internet. This concept is fundamental to modern technology.,0
Hybrid cloud combines private and public cloud infrastructure for greater flexibility. Platform as a Service (PaaS) offers a platform for developing and managing applications.,0
Natural language processing bridges the gap between human language and computers. Text summarization creates concise summaries of longer documents.,0
Tokenization is the process of breaking text into individual words or tokens. Sentiment analysis determines the emotional tone behind words. Natural language processing bridges the gap between human language and computers.,0
"In other words, Platform as a Service (PaaS) offers a platform for developing and managing applications. Cloud computing is the delivery of computing services over the internet. This concept is fundamental to modern technology.",1
Sentiment analysis determines the emotional tone behind words. Tokenization is the process of breaking text into individual words or tokens.,0
Reinforcement learning trains agents through rewards and punishments. Unsupervised learning finds hidden patterns in unlabeled data. Supervised learning uses labeled data to train models for classification.,0
Tokenization is the process of breaking text into individual words or tokens. Named entity recognition identifies and classifies named entities in text.,1
Named entity recognition identifies and classifies named entities in text. Natural language processing bridges the gap between human language and computers.,0
"Cybersecurity involves protecting systems, networks, and programs from digital attacks. Phishing is a cyberattack that uses fraudulent emails to trick users into revealing sensitive information. This concept is fundamental to modern technology.",0
"Phishing is a cyberattack that uses fraudulent emails to trick users into revealing sensitive information. Encryption is the process of converting information into a code to prevent unauthorized access. Malware is malicious software designed to damage, disrupt, or gain unauthorized access to a system.",0
It can be said that Tokenization is the process of breaking text into individual words or tokens. Text summarization creates concise summaries of longer documents. Natural language processing bridges the gap between human language and computers.,1
"Data science combines statistics, programming, and domain knowledge to extract insights. Data visualization helps communicate complex information effectively. Feature engineering creates new variables to improve model accuracy. This concept is fundamental to modern technology.",1
Cloud computing is the delivery of computing services over the internet. Platform as a Service (PaaS) offers a platform for developing and managing applications.,0
"Malware is malicious software designed to damage, disrupt, or gain unauthorized access to a system. Encryption is the process of converting information into a code to prevent unauthorized access. This concept is fundamental to modern technology.",1
Data visualization helps communicate complex information effectively. Data preprocessing is essential for improving model performance.,0
"Essentially, Big data refers to extremely large datasets that require advanced processing. Data preprocessing is essential for improving model performance. Data science combines statistics, programming, and domain knowledge to extract insights. This concept is fundamental to modern technology.",1
Infrastructure as a Service (IaaS) provides virtualized computing resources. Platform as a Service (PaaS) offers a platform for developing and managing applications. This concept is fundamental to modern technology.,0
This means that Unsupervised learning finds hidden patterns in unlabeled data. Supervised learning uses labeled data to train models for classification. Machine learning algorithms build models based on sample data to make predictions. This concept is fundamental to modern technology.,1
Encryption is the process of converting information into a code to prevent unauthorized access. This concept is fundamental to modern technology.. Phishing is a cyberattack that uses fraudulent emails to trick users into revealing sensitive information,1
"Encryption is the process of converting information into a code to prevent unauthorized access. Firewalls are network security devices that monitor and filter incoming and outgoing network traffic. Malware is malicious software designed to damage, disrupt, or gain unauthorized access to a system. This concept is fundamental to modern technology.",0
Big data refers to extremely large datasets that require advanced processing. Data preprocessing is essential for improving model performance. Data visualization helps communicate complex information effectively.,1
Tokenization is the process of breaking text into individual words or tokens. Sentiment analysis determines the emotional tone behind words.,1
Supervised learning uses labeled data to train models for classification. Reinforcement learning trains agents through rewards and punishments.,0
Platform as a Service (PaaS) offers a platform for developing and managing applications. Hybrid cloud combines private and public cloud infrastructure for greater flexibility.,1
Unsupervised learning hidden finds patterns in unlabeled data. Neural networks are inspired by the biological of structure the brain.,1
"Firewalls are network security devices that monitor and filter incoming and outgoing network traffic. Malware is malicious software designed to damage, disrupt, or gain unauthorized access to a system. Phishing is a cyberattack that uses fraudulent emails to trick users into revealing sensitive information.",0
Tokenization is the process of breaking text into individual words or tokens. Text summarization creates concise summaries of longer documents. This concept is fundamental to modern technology.,1
Named entity recognition identifies and classifies named entities in text. Sentiment analysis determines the emotional tone behind words. Natural language computing bridges the gap between human language and computers.,1
Phishing is a cyberattack uses that fraudulent emails to trick users into revealing sensitive information. Encryption is the process of converting information into a code to prevent unauthorized access.,1
Feature engineering creates new variables to improve model accuracy. Data preprocessing is essential for improving model performance. Big data refers to extremely large datasets that require advanced processing.,0
Hybrid cloud private combines and public cloud infrastructure for greater flexibility. Infrastructure as a Service (IaaS) provides virtualized computing resources. Cloud computing the is delivery of computing services over the internet.,1
"Machine learning enables computers to learn from data without explicit Deep programming. learning uses neural networks with multiple layers to process complex patterns. AI systems can learn from experience, adapt to new inputs, and perform human-like tasks.",1
Named entity recognition identifies and classifies named entities in text. Text summarization creates concise summaries of longer documents. Tokenization is the process of breaking text into individual words or tokens.,0
"Feature engineering creates new variables to improve model accuracy. Data preprocessing is essential for improving model performance. Data science combines statistics, programming, and domain knowledge to extract insights. This concept is fundamental to modern technology.",0
Deep learning uses neural networks with multiple layers to process complex patterns. Natural language processing helps computers understand and generate human language.,0
This means that Natural language processing bridges the gap between human language and computers. Text summarization creates concise summaries of longer documents. This concept is fundamental to modern technology.,1
Hybrid cloud combines private and public cloud infrastructure for greater flexibility. Cloud computing is the delivery of computing services over the internet.,0
Big data refers to extremely large datasets that require advanced processing. Data preprocessing is essential for improving model performance.,0
Infrastructure as a Service (IaaS) provides virtualized resources. computing Cloud computing is the delivery of computing services over the internet. This concept is fundamental modern to technology.,1
"Phishing is a cyberattack that uses fraudulent emails to trick users into revealing sensitive information. Cybersecurity involves protecting systems, networks, and programs from digital attacks.",0
Software as a Service (SaaS) delivers software applications over the internet. computing Cloud is the delivery of computing services the over internet. Infrastructure as a Service (IaaS) provides virtualized computing resources.,1
Data visualization helps communicate complex information effectively. Big data refers to extremely large datasets that require advanced processing. Data preprocessing is essential for improving model performance.,0
learning Machine algorithms build models based on sample to data make predictions. Neural networks are inspired by the biological structure of the brain.,1
Tokenization is the process of breaking text into individual words or tokens. Natural language processing bridges the gap between human language and computers.,0
Sentiment analysis determines the emotional tone behind words. Text summarization creates concise summaries of longer documents. This concept is fundamental to modern technology.,1
"AI systems can learn from experience, adapt to new inputs, and perform human-like tasks. Deep learning uses neural networks with multiple layers to process complex patterns. Natural language analyzing helps computers understand and generate human language.",1
"Firewalls are network security devices that monitor and filter incoming and outgoing network traffic. Malware is malicious software designed to damage, disrupt, or gain unauthorized access to a system.",0
"Cybersecurity involves protecting systems, networks, and programs from digital attacks. Firewalls are network security devices that monitor and filter incoming and outgoing network traffic. Encryption is the process of converting information into a code to prevent unauthorized access.",1
Artificial intelligence is the simulation of human intelligence in machines. Deep learning uses neural networks with multiple layers to process complex patterns. This concept is fundamental to modern technology.,0
Encryption is the process of converting information into a code to prevent unauthorized access. Firewalls are network security devices that monitor and filter incoming and outgoing network traffic.,0
This means that Neural networks are inspired by the biological structure of the brain. Supervised learning uses labeled data to train models for classification. This concept is fundamental to modern technology.,1
This means that Machine learning enables computers to learn from data without explicit programming. Artificial intelligence is the simulation of human intelligence in machines.,1
Tokenization is the process of breaking text into individual words or tokens. Natural language processing bridges the gap between human language and computers. Named entity recognition identifies and classifies named entities in text.,0
Tokenization is the process of breaking text into individual words or tokens. Natural language processing bridges the gap between human language and computers.,1
Named entity recognition identifies and classifies named entities in text. Sentiment determines analysis the emotional tone behind words. This concept is fundamental to modern technology.,1
Supervised learning uses labeled figures to train models for classification. Neural networks are inspired by the biological structure of the brain. Reinforcement studying trains agents through rewards and punishments. This concept is fundamental to modern technology.,1
Natural language processing helps computers understand and generate human language. Machine learning enables computers to learn from statistics without explicit programming.,1
Tokenization is the process of breaking text into individual words or tokens. Natural language processing bridges the gap between human language and computers.. Text summarization creates concise summaries of longer documents,1
Tokenization is the process of breaking text into individual words or tokens. Sentiment analysis determines the emotional tone behind words.,0
"To put it differently, Sentiment analysis determines the emotional tone behind words. Text summarization creates concise summaries of longer documents. This concept is fundamental to modern technology.",1
Cloud computing is the delivery of computing services over the internet. Infrastructure as a Service (IaaS) provides virtualized computing resources. Hybrid cloud combines private and public cloud infrastructure for greater flexibility.,1
"Artificial intelligence is the simulation of human intelligence in machines. Natural language processing helps computers understand and generate human language. AI systems can learn from experience, adapt to new inputs, and perform human-like tasks. This concept is fundamental to modern technology.",0
This concept is fundamental to modern technology.. Natural language processing bridges the gap between human language and computers. Sentiment analysis determines the emotional tone behind words. Text summarization creates concise summaries of longer documents,1
Named entity recognition identifies and classifies named entities in text. Text summarization creates concise summaries of longer documents. Sentiment analysis determines the emotional tone behind words.,1
"Data science combines statistics, programming, domain and knowledge to extract insights. Big data refers to extremely large datasets that require advanced processing. Data visualization helps communicate complex information effectively.",1
Software as a Service (SaaS) delivers software applications over the internet. Cloud computing is the delivery of computing services over the internet. This concept is fundamental to modern technology.,0
Firewalls are network security devices that monitor and filter incoming and outgoing network traffic. Encryption is the process of converting information into a code to prevent unauthorized access.,0
Natural language processing helps computers understand and generate human language. Artificial intelligence is the simulation of human intelligence in machines.,0
Supervised learning uses labeled data to train models for classification. Unsupervised learning finds hidden patterns in unlabeled data.,0
Neural networks are inspired by the biological structure of the brain. Machine learning algorithms build models based on sample data to make predictions. Supervised learning uses labeled data to train models for classification. This concept is fundamental to modern technology.,0
Tokenization is the process of breaking text into individual words or tokens. Sentiment analysis determines the emotional tone behind words. Text summarization creates concise summaries of longer documents.,0
"In other words, Reinforcement learning trains agents through rewards and punishments. Machine learning algorithms build models based on sample data to make predictions. Neural networks are inspired by the biological structure of the brain. This concept is fundamental to modern technology.",1
"Deep learning uses neural networks with multiple layers to process complex patterns.. Machine learning enables computers to learn from data without explicit programming. AI systems can learn from experience, adapt to new inputs, and perform human-like tasks",1
"Cybersecurity involves protecting systems, networks, and programs from digital attacks. Malware is malicious software designed to damage, disrupt, or gain unauthorized access to a system. This concept is fundamental to modern technology.",0
"Deep learning uses neural networks with multiple layers to process complex patterns. AI systems can learn from experience, adapt to new inputs, and perform human-like tasks.",0
Feature engineering creates new variables to improve model accuracy. Big data refers to extremely large datasets that require advanced processing. This concept is fundamental to modern technology.,0
"Encryption is the process of converting information into a code to prevent unauthorized access.. Firewalls are network security devices that monitor and filter incoming and outgoing network traffic. Cybersecurity involves protecting systems, networks, and programs from digital attacks",1
Cloud computing is the delivery of computing services over the internet. Hybrid cloud combines private and public cloud infrastructure for greater flexibility. Infrastructure as a Service (IaaS) provides virtualized computing resources.,0
Neural networks are inspired by the biological structure of the brain. Supervised learning uses labeled data to train models for classification.,0
"This means that Phishing is a cyberattack that uses fraudulent emails to trick users into revealing sensitive information. Malware is malicious software designed to damage, disrupt, or gain unauthorized access to a system.",1
Firewalls are network security devices that monitor and filter incoming and outgoing network traffic. Phishing is a cyberattack that uses fraudulent emails to trick users into revealing sensitive information.,0
Machine learning algorithms build models based on sample data to make predictions. Unsupervised learning finds hidden patterns in unlabeled data. Neural networks are inspired by the biological structure of the brain.,0
Artificial intelligence is the simulation of human intelligence in machines. Natural language processing helps computers understand and generate human language.,0
Natural language processing bridges the gap between human language and computers. Sentiment analysis determines the emotional tone words. Named behind entity recognition identifies and classifies named entities in text. This concept is fundamental to modern technology.,1
Machine learning algorithms build models based on data sample to make predictions. Supervised learning uses labeled data to train models for classification. Reinforcement learning trains agents through and rewards punishments.,1
Natural language analyzing helps computers understand and generate human language. Deep studying uses neural networks with multiple layers to process complex patterns. This concept is fundamental to modern technology.,1
Feature engineering creates new variables to improve model accuracy. Data visualization helps communicate complex information effectively. This concept is fundamental to modern technology.,0
Big data refers to extremely large datasets that require advanced processing. Data visualization helps communicate complex information effectively. This concept is fundamental to modern technology.,0
Deep learning uses neural networks with multiple layers to process complex patterns. Natural language processing helps computers understand and generate human language. This concept is fundamental to modern technology.,0
Unsupervised learning finds hidden patterns in unlabeled data. Neural networks are inspired by the biological structure of the brain. This concept is fundamental to modern technology.,0
Deep learning uses neural networks with multiple layers to process complex patterns. Machine learning enables computers to learn from data without explicit programming. Natural language processing helps computers understand and generate human language. This concept is fundamental to modern technology.,1
"Malware is malicious software designed to damage, disrupt, or gain unauthorized access to a system. Firewalls are network security devices that monitor and filter incoming and outgoing network traffic. Cybersecurity involves protecting systems, networks, and programs from digital attacks. This concept is fundamental to modern technology.",0
Encryption is the process of converting information into a code to prevent unauthorized access. Phishing is a cyberattack that uses fraudulent emails to trick users into revealing sensitive information.,0
Machine learning algorithms models build based on sample data to make predictions. Neural networks are inspired by the biological structure of the brain. Supervised learning uses labeled data to train models for classification. This concept is fundamental to technology. modern,1
Data visualization helps communicate complex information effectively. Data preprocessing is essential for improving model performance. This concept is fundamental to modern technology.,0
as Software a Service (SaaS) delivers software applications over the internet. Hybrid cloud combines private and public cloud infrastructure for greater flexibility.,1
Software as a Service (SaaS) delivers software applications over the internet. Platform a as Service (PaaS) offers a platform for developing and managing applications. Cloud computing is the delivery of computing services over the internet. This concept is fundamental to modern technology.,1
Supervised acquiring knowledge uses labeled data to train models for classification. Unsupervised learning finds hidden patterns in unlabeled figures,1
"Cybersecurity involves protecting systems, networks, and programs from digital attacks. Firewalls are network security devices that monitor and filter incoming and outgoing network traffic. Phishing is a cyberattack that uses fraudulent emails to trick users into revealing sensitive information.",0
Software as a Service (SaaS) delivers software applications over the internet. Hybrid cloud combines private and public cloud infrastructure for greater flexibility. Infrastructure as a Service (IaaS) provides virtualized computing resources.,1
Cloud computing is the delivery of computing services over the internet. Infrastructure as a Service (IaaS) provides virtualized computing resources. Hybrid cloud combines private and public cloud infrastructure for greater flexibility.,0
Reinforcement learning trains agents through rewards and punishments. Supervised learning uses labeled data to train models for classification. Machine acquiring knowledge algorithms build models based on sample data to make predictions. This concept is fundamental to modern technology.,1
Sentiment analysis determines the emotional tone behind words. Natural language processing bridges gap the between human language and computers.,1
Neural networks are inspired by the biological structure of the brain. learning Supervised uses labeled data to train models for classification.,1
It can be said that Data preprocessing is essential for improving model performance. Big data refers to extremely large datasets that require advanced processing. This concept is fundamental to modern technology.,1
"Data science combines statistics, programming, and domain knowledge to extract insights. Feature engineering creates new variables to improve model accuracy.",0
"Cybersecurity involves protecting systems, networks, and programs from digital attacks. Firewalls are network security devices that monitor and filter incoming and outgoing network traffic. Malware is malicious software designed to damage, disrupt, or gain unauthorized access to a system. This concept is fundamental to modern technology.",0
Supervised learning uses labeled data to train models for classification. Unsupervised learning finds hidden patterns in unlabeled data. This concept is fundamental to modern technology.,0
Neural networks are inspired by the biological structure of the brain. Supervised learning uses labeled data to train models for classification. Unsupervised learning finds hidden patterns in unlabeled data.,0
Machine learning enables computers to learn from data without explicit programming. Deep learning uses neural networks with multiple layers to process complex patterns. Natural language processing helps computers understand and generate human language.,0
Machine learning algorithms build models based on sample data to make predictions. Supervised learning uses labeled data to train models for classification. Reinforcement learning trains agents through rewards and punishments.,0
Text summarization creates concise summaries of longer documents. Named entity recognition identifies and classifies named entities in text. Natural language processing bridges the gap between human language and computers. This concept is fundamental to modern technology.,0
Artificial intelligence is the simulation of human intelligence in machines. Natural language helps processing computers understand generate and human language. Deep learning uses neural networks with multiple layers to process complex patterns.,1
Text summarization creates concise summaries of longer documents. Named entity recognition identifies and classifies named entities in text. Tokenization is the process of breaking text into individual words or tokens.,0
"Phishing is a cyberattack that uses fraudulent emails to trick users into revealing sensitive information. Malware is malicious software designed to damage, disrupt, or gain unauthorized access to a system. This concept is fundamental to modern technology.",0
"Machine learning enables computers to learn from data without explicit programming. AI systems can learn from experience, adapt to new inputs, and perform human-like tasks. This concept is fundamental to modern technology.",0
"Data preprocessing is essential for improving model performance. Data science combines statistics, programming, and domain knowledge to extract insights.",0
Named entity recognition identifies and classifies named entities in text. Sentiment analysis determines the emotional tone behind words. Natural language processing bridges the gap between human language and computers.,0
Unsupervised learning finds hidden patterns in unlabeled data.. Neural networks are inspired by the biological structure of the brain. Machine learning algorithms build models based on sample data to make predictions,1
Machine learning enables to computers learn from data without explicit programming. Natural language processing helps computers understand and generate human language. Deep learning uses neural networks multiple with layers to process complex patterns.,1
"AI systems can learn from experience, adapt to new inputs, and perform human-like tasks. Natural language processing helps computers understand and generate human language. Machine learning enables computers to learn from data without explicit programming. This concept is fundamental to modern technology.",0
Named entity recognition identifies and classifies named entities in text. Tokenization is the process of breaking text into individual words or tokens. This concept is fundamental to modern technology.,0
"AI systems can learn from experience, adapt to new inputs, and perform human-like tasks. Deep learning uses neural networks with multiple to layers process complex patterns. Natural language processing helps understand computers and generate human language.",1
Machine learning enables computers to learn from data without explicit programming. Deep learning uses neural networks with multiple layers to process complex patterns.,0
"Firewalls are network security devices that monitor and filter incoming and outgoing network traffic. Malware is malicious designed software to damage, disrupt, or gain unauthorized access to a system. Phishing is a cyberattack that uses fraudulent emails to trick users into revealing sensitive information.",1
Firewalls are network security devices that monitor and filter incoming and outgoing network traffic. Encryption is the process of converting information into a code to prevent unauthorized access. This concept is fundamental to modern technology.,0
"Feature engineering creates new variables to improve model accuracy. Big data refers to extremely large datasets that require advanced processing. Data science combines statistics, programming, and domain knowledge to extract insights.",0
It can be said that Data preprocessing is essential for improving model performance. Data visualization helps communicate complex information effectively. Big data refers to extremely large datasets that require advanced processing.,1
Platform as a Service (PaaS) offers a platform for developing and managing applications. Cloud computing is the delivery of computing services over the internet. Hybrid cloud combines private and public cloud infrastructure for greater flexibility.,0
Reinforcement learning trains agents through rewards and punishments. Supervised learning uses labeled data to train models for classification. Unsupervised learning finds hidden patterns in unlabeled data.,0
Sentiment analysis determines the emotional tone behind words. Tokenization is the process of breaking text into individual words or tokens. Named entity recognition identifies and classifies named entities in text. This concept is fundamental to modern technology.,0
Cloud computing is the delivery of computing services over the internet. Infrastructure as a Service (IaaS) provides virtualized computing resources. Software as a Service (SaaS) delivers software applications over the internet. This concept is fundamental to modern technology.,0
Platform as a Service (PaaS) offers a platform for developing and managing applications. Software as a Service (SaaS) delivers software applications over the internet. Infrastructure as a Service (IaaS) provides virtualized computing resources. This concept is fundamental to modern technology.,0
Tokenization is the process of breaking text into individual words or tokens. Natural language processing bridges the gap between human language and computers. Sentiment analysis determines the emotional tone behind words. This concept is fundamental to modern technology.,0
Cloud computing is the delivery of computing services over the internet. Platform as a Service (PaaS) offers a platform for developing and managing applications.,1
Platform as a Service (PaaS) offers a platform for developing and managing applications. Hybrid cloud combines private and public cloud infrastructure for greater flexibility. This concept is fundamental to modern technology.,0
"Cybersecurity involves protecting systems, networks, and programs from digital attacks. Malware is malicious software designed to damage, disrupt, or gain unauthorized access to a system.",0
Supervised learning uses labeled data to train models for classification. Reinforcement learning trains agents through rewards and punishments. Machine learning algorithms build models based on sample data to make predictions. This concept is fundamental to modern technology.,0
"Artificial intelligence is the simulation of human cognition in machines. Natural language processing helps computers understand and generate human language. AI systems can learn from experience, adapt to new inputs, and perform human-like tasks. This concept is fundamental to modern technology.",1
"Artificial intelligence is the simulation of human intelligence in machines. AI systems can learn from experience, adapt to new inputs, and perform human-like tasks. Deep learning uses neural networks with multiple layers to process complex patterns.",0
"Firewalls are network security devices that monitor and filter incoming and outgoing network traffic. Cybersecurity involves protecting systems, networks, and programs from digital attacks.",0
Data visualization helps communicate complex information effectively. Big data refers to extremely large datasets that require advanced processing. Data preprocessing is essential for improving model performance.,1
"information visualization helps communicate complex information effectively. information science combines statistics, programming, and domain knowledge to extract insights. information preprocessing is essential for improving model performance. This concept is fundamental to modern technology.",1
"AI systems can learn from experience, adapt to new inputs, and perform human-like tasks. Deep learning uses neural networks with multiple layers to process complex patterns.",0
"Encryption is the process of converting information into a code to prevent unauthorized access. Cybersecurity involves protecting systems, networks, and programs from digital attacks. Firewalls are network security devices that monitor and filter incoming and outgoing network traffic.",0
Feature engineering creates new variables to improve model accuracy. Data visualization helps communicate complex information effectively. Big data refers to extremely large datasets that require advanced processing.,0
This means that Big data refers to extremely large datasets that require advanced processing. Data preprocessing is essential for improving model performance.,1
Supervised understanding uses labeled information to train models for classification. Machine studying algorithms build models based on sample data to make predictions.,1
"This concept is fundamental to modern technology.. Machine learning enables computers to learn from data without explicit programming. Natural language processing helps computers understand and generate human language. AI systems can learn from experience, adapt to new inputs, and perform human-like tasks",1
Supervised learning uses labeled data to train models for classification. Neural networks are inspired by the biological structure of brain. the This concept fundamental is to modern technology.,1
Unsupervised learning finds hidden patterns in unlabeled data. Neural networks are inspired by the biological of structure the Supervised brain. learning uses labeled data to train models for classification.,1
Tokenization is the process of breaking text into individual words or tokens. Sentiment analysis determines the emotional tone behind words.,1
"Machine learning enables computers to learn from data without explicit programming. AI systems can learn from experience, adapt to new inputs, and perform human-like tasks. Natural language processing helps computers understand and generate human language. This concept is fundamental to modern technology.",0
Artificial intelligence is the simulation of human intelligence in machines. Natural language processing helps computers understand and generate human language. This concept is fundamental to modern technology.,0
"Cybersecurity involves protecting systems, networks, and programs from digital attacks. Encryption is the process of converting information into a code to prevent unauthorized access. Phishing is a cyberattack that uses fraudulent emails to trick users into revealing sensitive information.",0
"In other words, Big data refers to extremely large datasets that require advanced processing. Data visualization helps communicate complex information effectively. This concept is fundamental to modern technology.",1
"Encryption is the process of converting information into a code to prevent unauthorized access. Cybersecurity involves protecting systems, networks, and programs from digital attacks.",1
"Encryption is the process of converting information into a code to prevent unauthorized access. Cybersecurity involves protecting systems, networks, and programs from digital attacks. Firewalls are network security devices that monitor and filter incoming and outgoing network traffic.",0
"Data visualization helps communicate complex information effectively. Data science combines statistics, programming, and domain knowledge to extract insights.",1
Tokenization is the process of breaking text into individual words or tokens. Natural language processing bridges the gap between human language and computers.,0
"Phishing is a cyberattack that uses fraudulent emails to trick users into revealing sensitive information. Malware is malicious software designed to damage, disrupt, or gain unauthorized access to a system.",0
Natural language processing bridges the gap between human language and computers. Tokenization is the process of breaking text into individual words or tokens.,0
Tokenization is the process of breaking text into individual words or tokens. Sentiment study determines the emotional tone behind words.,1
"It can be said that Firewalls are network security devices that monitor and filter incoming and outgoing network traffic. Phishing is a cyberattack that uses fraudulent emails to trick users into revealing sensitive information. Cybersecurity involves protecting systems, networks, and programs from digital attacks. This concept is fundamental to modern technology.",1
"Data science combines statistics, programming, and domain knowledge to extract insights. Data visualization helps communicate complex information effectively. Data preprocessing is essential for improving model performance. This concept is fundamental to modern technology.",0
"Phishing is a cyberattack that uses fraudulent emails to trick users into revealing sensitive information. Malware is malicious software designed to damage, disrupt, or gain unauthorized access to a system. Cybersecurity involves protecting systems, networks, and programs from digital attacks.",0
Big data refers to extremely large datasets that require advanced processing. Data visualization helps communicate complex information effectively. Data preprocessing is essential for improving model performance. This concept is fundamental to modern technology.,0
"Deep learning uses neural networks with multiple layers to process complex patterns. AI systems can learn from experience, adapt to new inputs, and perform human-like tasks. Machine learning enables computers to learn from data without explicit programming.",0
Software as a Service (SaaS) delivers software applications over the internet. Hybrid cloud combines private and public cloud infrastructure for greater flexibility. Infrastructure as a Service (IaaS) provides virtualized computing resources. This concept is fundamental to modern technology.,0
"AI systems can learn from experience, adapt to new inputs, and perform human-like tasks. Deep learning uses neural networks with multiple layers to process complex patterns.",0
"information science combines statistics, programming, and domain knowledge to extract insights. Big information refers to extremely large datasets that require advanced computing This concept is fundamental to modern technology.",1
Deep learning uses neural networks with multiple layers to process complex patterns. Natural language processing helps computers understand and generate human language. Artificial intelligence is the simulation of human intelligence in machines. This concept is fundamental to modern technology.,0
"To put it differently, Feature engineering creates new variables to improve model accuracy. Data science combines statistics, programming, and domain knowledge to extract insights. This concept is fundamental to modern technology.",1
Platform as a Service (PaaS) offers a platform for developing and managing applications. Infrastructure as a Service (IaaS) provides virtualized computing resources.,0
Neural networks are inspired by the biological structure of the brain. Unsupervised learning finds hidden patterns in unlabeled data. Supervised learning uses labeled data to train models for classification.,0
Data visualization helps communicate complex information effectively. Big data refers to extremely large datasets that require advanced processing.,0
Natural language processing bridges the gap between human language and computers. Text summarization creates concise summaries of longer documents. This concept is fundamental to modern technology.,0
Data visualization helps communicate complex information effectively. Feature engineering creates new variables to improve model accuracy.,0
Unsupervised learning finds hidden patterns in unlabeled data. Supervised studying uses labeled data to train models for classification.,1
"Deep learning uses neural networks with multiple layers to process complex patterns. Artificial intelligence is the simulation of human intelligence in machines. AI systems can learn from experience, adapt to new inputs, and perform human-like tasks.",0
Infrastructure as a Service (IaaS) provides virtualized computing resources. Software as a Service (SaaS) delivers software applications over the internet.. Hybrid cloud combines private and public cloud infrastructure for greater flexibility,1
Platform as a Service (PaaS) offers a platform for developing and managing applications.. Cloud computing is the delivery of computing services over the internet. Hybrid cloud combines private and public cloud infrastructure for greater flexibility,1
"Data science combines statistics, programming, and domain knowledge to extract insights. Big data refers to extremely large datasets that require advanced processing. Feature engineering creates new variables to improve model accuracy.",0
Named entity recognition identifies and classifies named entities in text. Text summarization creates concise summaries of longer documents. Tokenization is the process of breaking text into individual words or tokens. This concept is fundamental to modern technology.,0
"Data visualization helps communicate complex information effectively. Data science combines statistics, programming, and domain knowledge to extract insights.",1
This means that Named entity recognition identifies and classifies named entities in text. Tokenization is the process of breaking text into individual words or tokens. Text summarization creates concise summaries of longer documents. This concept is fundamental to modern technology.,1
Hybrid cloud combines private and public cloud infrastructure for greater flexibility. Platform as a Service (PaaS) offers a platform for developing and managing applications. Infrastructure as a Service (IaaS) provides virtualized computing resources.,0
Reinforcement learning trains through agents rewards and punishments. Neural networks are by inspired the biological structure of the brain.,1
"Machine learning enables computers to learn from data without explicit programming. Natural language processing helps computers understand and generate human language. AI systems can learn from experience, adapt to new inputs, and perform human-like tasks.",0
Natural language processing bridges the gap between human language and computers. Named entity recognition identifies and classifies named entities in text.,1
Cloud computing is the delivery of computing services over the internet. Platform as a Service (PaaS) offers a platform for developing and managing applications. Infrastructure as a Service (IaaS) provides virtualized computing resources.,0
"Feature engineering creates new variables to improve framework accuracy. Big figures refers to extremely large datasets that require advanced processing. figures science combines statistics, programming, and domain knowledge to extract insights.",1
Cloud computing is the of delivery computing services over the internet. Software as a Service (SaaS) delivers software applications over the internet. This concept is fundamental to modern technology.,1
Machine learning algorithms build models based on sample data to make predictions. Unsupervised learning finds hidden patterns in unlabeled data. Neural networks are inspired by the biological structure of the brain.,0
"Deep learning uses neural networks with multiple layers to process complex patterns.. Machine learning enables computers to learn from data without explicit programming. AI systems can learn from experience, adapt to new inputs, and perform human-like tasks",1
Platform as a Service (PaaS) offers a platform for developing and managing applications. Hybrid cloud combines private and public cloud infrastructure for greater flexibility.,1
Software a as Service (SaaS) delivers software applications over the internet. Infrastructure as a Service (IaaS) virtualized provides computing resources.,1
Hybrid cloud combines private and public cloud infrastructure for greater flexibility. Infrastructure as a Service (IaaS) provides virtualized computing resources. Platform as a Service (PaaS) offers a platform for developing and managing applications. This concept is fundamental to modern technology.,1
Platform as a Service (PaaS) offers a platform for developing and managing applications. Cloud computing is the delivery of computing services over the internet. Hybrid cloud combines private and public cloud infrastructure for greater flexibility.,0
Infrastructure as a Service (IaaS) provides virtualized computing resources. Cloud computing is the delivery of computing services over the internet. Software as a Service (SaaS) delivers software applications over the internet.,0
Cloud computing is the delivery of computing services over the internet. Hybrid cloud combines private and public cloud infrastructure for greater flexibility. This concept is fundamental to modern technology.,0
Reinforcement learning trains agents through rewards and punishments. Neural networks are inspired by the biological structure of the brain. Machine learning algorithms build models based on sample data to make predictions.,0
"Machine learning enables computers to learn from data without explicit programming.. AI systems can learn from experience, adapt to new inputs, and perform human-like tasks. Deep learning uses neural networks with multiple layers to process complex patterns",1
Platform as a Service (PaaS) offers a platform for developing and managing applications. Infrastructure as a Service (IaaS) provides virtualized computing resources.,0
"Data visualization helps communicate complex information effectively. Data science combines statistics, programming, and domain knowledge to extract insights. Data preprocessing is essential for improving model performance. This concept is fundamental to modern technology.",1
Unsupervised learning finds hidden patterns in unlabeled data. Supervised learning uses labeled data to train models for classification. This concept is fundamental to modern technology.,0
"Feature engineering creates new variables to improve model accuracy. Data science combines statistics, programming, and domain knowledge to extract insights. Data preprocessing is essential for improving model performance. This concept is fundamental to modern technology.",0
Encryption is the process of converting information into a code to prevent unauthorized access. Firewalls are network security devices that monitor and filter incoming and outgoing network traffic.,1
"To put it differently, Natural language processing bridges the gap between human language and computers. Text summarization creates concise summaries of longer documents.",1
"AI systems can learn from experience, adapt to new inputs, and perform human-like tasks. Machine learning enables computers to learn from data without explicit programming. Natural language processing helps computers understand and generate human language.",0
"AI systems can learn from experience, adapt to new inputs, and perform human-like tasks.. Natural language processing helps computers understand and generate human language. Machine learning enables computers to learn from data without explicit programming",1
networks Neural are inspired by the biological structure of the brain. Unsupervised finds learning hidden patterns in unlabeled data. Supervised learning uses labeled data to train models for classification. This concept is fundamental to modern technology.,1
"This means that Cybersecurity involves protecting systems, networks, and programs from digital attacks. Malware is malicious software designed to damage, disrupt, or gain unauthorized access to a system.",1
Natural language processing helps computers understand and generate human language. Artificial intelligence is the simulation of human intelligence in machines. This concept is fundamental to modern technology.,0
Software as a Service (SaaS) delivers software applications over the internet. Platform as a Service (PaaS) offers a platform for developing and managing applications. Cloud computing is the delivery of computing services over the internet. This concept is fundamental to modern technology.,0
"Machine learning enables computers to learn from data without explicit programming. Deep learning uses neural networks with multiple layers to process complex patterns. AI systems can learn from experience, adapt to new inputs, and human-like perform tasks.",1
Neural networks are inspired by the biological structure of the brain. Reinforcement learning trains agents through rewards and punishments. Supervised learning uses labeled data to train models for classification. This concept is fundamental to modern technology.,0
Data preprocessing is essential for improving model performance. Data visualization helps communicate complex information effectively. Feature engineering creates new variables to improve model accuracy.,0
"Firewalls are network security devices that monitor and filter incoming and outgoing network traffic. Cybersecurity involves protecting systems, networks, and programs from digital attacks.",0
"Machine learning enables computers to learn from data without explicit programming. Natural language processing helps computers understand and generate human language. AI systems can learn from experience, adapt to new inputs, and perform human-like tasks.",0
Text summarization creates concise summaries of longer documents. Sentiment analysis determines the emotional tone behind words. Natural language processing bridges the gap between human language and computers. This concept is fundamental to modern technology.,0
Hybrid cloud combines private and public cloud infrastructure for greater flexibility. Software as a Service (SaaS) delivers software applications over the internet. Infrastructure as a Service (IaaS) provides virtualized computing resources. This concept is fundamental to modern technology.,0
Supervised learning uses labeled data to train models for classification. Neural networks are inspired by the biological structure of the brain. This concept is fundamental to modern technology.,0
"Big statistics refers to extremely large datasets that require advanced processing. information preprocessing is essential for improving model performance. Data science combines statistics, programming, and domain knowledge to extract insights. This concept is fundamental to modern technology.",1
Software as a Service (SaaS) delivers software applications over the internet. Hybrid cloud combines private and public cloud infrastructure for greater flexibility. Platform as a Service (PaaS) offers a platform for developing and managing applications. This concept is fundamental to modern technology.,0
Cloud computing is the delivery of computing services over the internet. Infrastructure as a Service (IaaS) provides virtualized computing resources. This concept is fundamental to modern technology.,0
"Artificial intelligence is the simulation of human intelligence in machines.. AI systems can learn from experience, adapt to new inputs, and perform human-like tasks. Machine learning enables computers to learn from data without explicit programming",1
Machine learning algorithms build models based on sample data to make predictions. Reinforcement learning trains agents through rewards and punishments. Neural networks are inspired by the biological structure of the brain.,0
Machine learning algorithms build models based on sample data to make predictions.. Reinforcement learning trains agents through rewards and punishments. Supervised learning uses labeled data to train models for classification,1
This concept is fundamental to modern technology.. Data preprocessing is essential for improving model performance. Feature engineering creates new variables to improve model accuracy. Data visualization helps communicate complex information effectively,1
This concept is fundamental to modern technology.. Sentiment analysis determines the emotional tone behind words. Text summarization creates concise summaries of longer documents,1
"To put it differently, Cloud computing is the delivery of computing services over the internet. Hybrid cloud combines private and public cloud infrastructure for greater flexibility. Software as a Service (SaaS) delivers software applications over the internet.",1
Cloud computing is the delivery of computing services over the internet. Platform as Service a (PaaS) offers a platform for developing and managing applications. Hybrid combines cloud private and public cloud infrastructure for greater flexibility.,1
Natural language processing bridges the gap between human language and computers. Tokenization is the process of breaking text into individual words or tokens. This concept is fundamental to modern technology.,1
Feature engineering creates new variables to improve model accuracy. Data visualization helps communicate complex information effectively.,1
Software as a Service (SaaS) delivers software applications over the internet. Cloud computing is the delivery of computing over services the internet. Infrastructure as a Service (IaaS) provides virtualized computing resources.,1
Data visualization helps communicate complex information effectively. Feature engineering creates new variables to improve model accuracy. This concept is fundamental to modern technology.,0
Artificial intelligence is the simulation of human intelligence in machines. Deep learning uses neural networks with multiple layers to process complex patterns. Machine learning enables computers to learn from data without explicit programming.,0
"In other words, Sentiment analysis determines the emotional tone behind words. Named entity recognition identifies and classifies named entities in text. Tokenization is the process of breaking text into individual words or tokens. This concept is fundamental to modern technology.",1
Software as a Service (SaaS) delivers software applications over the internet. Cloud computing is the delivery of computing services over the internet. Infrastructure as a Service (IaaS) provides virtualized computing resources.,0
"To put it differently, Feature engineering creates new variables to improve model accuracy. Data visualization helps communicate complex information effectively.",1
"Firewalls are structure defense devices that monitor and filter incoming and outgoing network traffic. Malware is malicious software designed to damage, disrupt, or gain unauthorized access to a system. Phishing is a cyberattack that uses fraudulent emails to trick users into revealing sensitive information.",1
"Essentially, Cloud computing is the delivery of computing services over the internet. Software as a Service (SaaS) delivers software applications over the internet. This concept is fundamental to modern technology.",1
"Data preprocessing is essential for improving model performance.. Data science combines statistics, programming, and domain knowledge to extract insights",1
"Essentially, Data visualization helps communicate complex information effectively. Feature engineering creates new variables to improve model accuracy. This concept is fundamental to modern technology.",1
Software as a Service (SaaS) delivers software applications over the internet. Infrastructure as a Service (IaaS) provides virtualized computing resources.,0
Sentiment analysis determines the emotional tone behind words. Text summarization creates concise summaries of longer documents. Natural language processing bridges the gap between human language and computers.,0
"Feature engineering creates new variables to improve model accuracy. Data science combines statistics, programming, and domain knowledge to extract insights.",0
Machine studying enables computers to learn from data without explicit programming. Artificial intelligence is the simulation of human intelligence in machines. Deep studying uses neural networks with multiple layers to process complex patterns.,1
Phishing is a cyberattack that uses fraudulent emails to trick users into revealing sensitive information. Firewalls are network security devices that monitor and filter incoming and outgoing network traffic.,0
Phishing is a cyberattack that uses fraudulent emails to trick users into revealing sensitive information. Firewalls are network security devices that monitor and filter incoming and outgoing network traffic. This concept is fundamental to modern technology.,0
Tokenization is the process of breaking text into individual words or tokens. Natural language processing bridges the gap between human language and computers.,0
Sentiment analysis determines the emotional tone behind words. Named entity recognition identifies and classifies named entities in text. Text summarization creates concise summaries of longer documents.,0
"Firewalls are network security devices that monitor and filter incoming and outgoing network traffic. Cybersecurity involves protecting systems, networks, and programs from digital attacks. Phishing is a cyberattack that uses fraudulent emails to trick users into revealing sensitive information. This concept is fundamental to modern technology.",0
Infrastructure as a Service (IaaS) provides virtualized computing resources. Cloud computing is the of delivery computing services over the internet. Software as a Service (SaaS) delivers software applications over internet. the,1
Natural language processing helps computers understand and generate language. human Machine learning enables to computers learn from data without explicit programming.,1
Unsupervised learning finds hidden patterns in unlabeled data. Neural networks are inspired by the biological structure of the brain.,1
Neural networks are inspired by the biological structure the of brain. Machine learning algorithms build models based on sample data to make predictions.,1
Infrastructure as a Service (IaaS) provides virtualized computing resources. This concept is fundamental to modern technology.. Hybrid cloud combines private and public cloud infrastructure for greater flexibility. Cloud computing is the delivery of computing services over the internet,1
Cloud computing is the delivery of computing over services internet. the Hybrid cloud combines private and public cloud infrastructure for greater flexibility. Infrastructure as a Service (IaaS) provides virtualized computing resources.,1
Tokenization is the process of breaking text into individual words tokens. or Natural language bridges processing the gap between human language and computers.,1
Sentiment analysis determines the emotional tone behind words. Named entity recognition identifies classifies and named entities in This text. concept is fundamental to modern technology.,1
Artificial intelligence is the simulation of human intelligence in machines. Machine learning enables computers to learn from data without explicit programming.,0
"Encryption is the process of converting information into a code to prevent unauthorized access. Malware is malicious software designed to damage, disrupt, or gain unauthorized access to a system. Cybersecurity involves protecting systems, networks, and programs from digital attacks.",0
Supervised learning uses labeled data to train models for classification. Neural networks are inspired by the biological structure of the brain.,0
Machine learning enables computers to learn from data without explicit programming. Natural language processing helps computers understand and generate human language.,0
Sentiment analysis determines the emotional tone behind words. Named entity recognition identifies and classifies named entities in text. Text summarization creates concise summaries of longer documents.,0
Software as a Service (SaaS) delivers software applications over the internet. Platform as a Service (PaaS) offers a platform for developing and managing applications. Cloud computing is the delivery of computing services over the internet.,0
"Essentially, Named entity recognition identifies and classifies named entities in text. Sentiment analysis determines the emotional tone behind words. Tokenization is the process of breaking text into individual words or tokens.",1
"Malware is malicious software designed to damage, disrupt, or gain unauthorized access to a system. Encryption is the process of converting information into a code to prevent unauthorized access.",0
Infrastructure as a Service (IaaS) provides virtualized computing resources. Cloud computing is the delivery of computing services over the internet. Software as a Service (SaaS) delivers software applications over the internet.,0
"Data visualization communicate helps complex information effectively. Data science combines statistics, programming, domain and knowledge to extract insights. This concept is fundamental to modern technology.",1
Text summarization creates concise summaries of longer documents. Sentiment analysis determines the emotional tone behind words. Tokenization is the process of breaking text into individual words or tokens.,0
Machine learning algorithms build models based on sample data to make predictions. Supervised learning uses labeled data to train models for classification. Neural networks are inspired by the biological structure of the brain. This concept is fundamental to modern technology.,0
Software as a Service (SaaS) delivers software applications over the internet. Infrastructure as a Service (IaaS) provides virtualized computing resources.,1
"To put it differently, Software as a Service (SaaS) delivers software applications over the internet. Infrastructure as a Service (IaaS) provides virtualized computing resources. This concept is fundamental to modern technology.",1
Data visualization helps communicate complex information effectively. Feature engineering creates new variables to improve model accuracy. This concept is fundamental to modern technology.,0
Machine learning enables computers to learn from data without explicit programming. Natural language processing helps computers understand and generate human language. Deep learning uses neural networks with multiple layers to process complex patterns.,0
"Data visualization helps communicate complex information effectively. Big data refers to extremely large datasets that require advanced processing. figures science combines statistics, programming, and domain knowledge to extract insights.",1
Neural networks are inspired by the biological structure of the brain. Supervised learning uses labeled data to train models for classification. This concept is fundamental to modern technology.,1
Data preprocessing is essential for improving model performance. Data visualization helps communicate complex information effectively. Feature engineering creates new variables to improve model accuracy.,1
Natural processing language helps computers understand and generate human language. Machine learning enables computers to learn from data without explicit programming.,1
Artificial intelligence is the simulation of human intelligence in machines. Natural language processing helps computers understand and generate human language.,1
Tokenization is the process of breaking text into individual words or tokens. Sentiment analysis determines the emotional tone behind words. Natural language analyzing bridges the gap between human language and computers.,1
Artificial intelligence is the of simulation human intelligence in machines. Deep learning uses neural networks with multiple layers to process complex patterns.,1
"Cybersecurity involves protecting systems, networks, and programs from digital attacks. Encryption is the process of converting information into a code to prevent unauthorized access.",1
Data preprocessing is essential for improving model performance. Feature engineering creates new variables to improve structure accuracy. This concept is fundamental to modern technology.,1
Named entity recognition identifies and classifies named entities in text. Tokenization is the process of breaking text into individual words or tokens. Text summarization creates concise summaries of longer documents. This concept is fundamental to modern technology.,0
"Artificial intelligence is the simulation of human intelligence in machines. Machine learning enables computers to learn from data without explicit programming. AI systems can learn from experience, adapt to new inputs, and perform human-like tasks.",0
Platform as a Service (PaaS) offers a platform for developing and managing applications. Infrastructure as a Service (IaaS) provides virtualized computing resources.,1
Neural networks are inspired by the biological structure of the brain. Unsupervised learning finds hidden patterns in unlabeled data. This concept is fundamental to modern technology.,0
Software as a Service (SaaS) delivers software applications over the internet. Hybrid cloud combines private and public cloud infrastructure for greater flexibility. This concept is fundamental to modern technology.,1
Sentiment analysis determines the emotional tone behind words. Tokenization is the process of breaking text into individual words or tokens. Text summarization creates concise summaries of longer documents. This concept is fundamental to modern technology.,0
Text summarization creates concise summaries of longer documents. is Tokenization the process of breaking text into individual words or tokens. Named entity recognition identifies and classifies entities named in text.,1
"Machine learning enables computers to learn from data without explicit programming. AI systems can learn from experience, adapt to new inputs, and perform human-like tasks. This concept is fundamental to modern technology.",0
Hybrid cloud combines private and public cloud infrastructure greater for flexibility. Infrastructure as a Service (IaaS) provides virtualized computing resources.,1
Supervised learning uses labeled data to train models for classification. Unsupervised learning finds hidden patterns in unlabeled data. This concept is fundamental to modern technology.,0
Data visualization helps communicate complex information effectively. Big data refers to extremely large datasets that require advanced processing.,0
Reinforcement learning trains agents through rewards and punishments. Neural networks are inspired by the biological structure of the brain.,0
Neural networks are inspired by the biological structure of the brain. Machine learning algorithms build models based on sample data to make predictions. Unsupervised understanding finds hidden patterns in unlabeled information,1
Reinforcement learning trains agents through rewards and punishments. Neural networks are inspired by the biological structure of the brain. Supervised learning uses labeled data to train models for classification.,0
"To put it differently, Machine learning algorithms build models based on sample data to make predictions. Reinforcement learning trains agents through rewards and punishments. This concept is fundamental to modern technology.",1
Platform as a Service (PaaS) offers a platform for developing and managing applications. Software as a Service (SaaS) delivers software applications over the internet.,0
Supervised learning uses labeled data to train models for classification. Neural networks are inspired by the biological structure of the brain.,0
Sentiment analysis determines the emotional tone behind words. Named entity recognition identifies and classifies named entities in text. This concept is fundamental to modern technology.,0
Big data refers to extremely large datasets that require advanced processing.. Feature engineering creates new variables to improve model accuracy. Data preprocessing is essential for improving model performance,1
Supervised learning uses labeled data to train models for classification. Machine learning algorithms build models based on sample to data make predictions. Neural networks are inspired the by biological structure of the brain.,1
Neural networks are inspired by the biological structure of the brain. Unsupervised learning finds hidden patterns in unlabeled data. Supervised learning uses labeled data to train models for classification. This concept is fundamental to modern technology.,0
Tokenization is the process of breaking text into individual words or tokens. Named entity recognition and identifies classifies named entities in text.,1
"Artificial intelligence is the simulation of human intelligence in machines. AI systems can learn from experience, adapt to new inputs, and perform human-like tasks. Deep understanding uses neural networks with multiple layers to process complex patterns.",1
"AI systems can learn from experience, adapt to new inputs, and perform human-like tasks. Machine learning enables computers to learn from data without explicit programming. Deep learning uses neural networks with multiple layers to process complex patterns. This concept is fundamental to modern technology.",0
Machine learning algorithms build models based on sample data to make predictions. Supervised learning uses labeled data to train models for classification. This concept is fundamental to modern technology.,0
Platform as a Service (PaaS) offers a for platform developing and managing applications. Hybrid cloud combines private and public infrastructure cloud for greater flexibility. This concept is fundamental to modern technology.,1
Software as a Service (SaaS) delivers software applications over the internet. Cloud computing is the delivery of computing services over the internet. Infrastructure as a Service (IaaS) provides virtualized computing resources.,0
"Deep learning uses neural networks with multiple layers to process complex patterns. AI systems can learn from experience, adapt to new inputs, and perform human-like tasks.",0
"Artificial cognition is the simulation of human cognition in machines. AI systems can learn from experience, adapt to new inputs, and perform human-like tasks. Deep acquiring knowledge uses neural networks with multiple layers to process complex patterns.",1
Neural networks are inspired by the biological structure of the brain.. Supervised learning uses labeled data to train models for classification,1
Platform as a Service (PaaS) offers a platform for developing and managing applications. Hybrid cloud combines private and public cloud infrastructure for greater flexibility.,0
Machine learning enables computers to learn from data without explicit programming. Deep learning uses neural networks with multiple layers to process complex patterns.,0
Unsupervised learning finds hidden patterns in unlabeled data. Supervised learning uses labeled data to train models for classification. Neural networks are inspired by the biological structure of the brain.,0
Big data refers to extremely large datasets that require advanced processing. Data preprocessing is essential for improving system performance. This concept is fundamental to modern technology.,1
Hybrid cloud combines private and public cloud infrastructure for greater flexibility. Platform as a Service (PaaS) offers a platform for developing and managing applications.,1
Data visualization helps communicate complex information effectively.. Feature engineering creates new variables to improve model accuracy. Data preprocessing is essential for improving model performance,1
Data visualization helps communicate complex information effectively. Big data refers to extremely large datasets that require advanced processing.,0
"Artificial intelligence is the simulation of human intelligence in machines. Natural language processing helps computers understand and generate human language. AI systems can learn from experience, adapt to new inputs, and perform human-like tasks. This concept is fundamental to modern technology.",0
Hybrid cloud combines private and public cloud infrastructure for greater flexibility. Infrastructure as a Service (IaaS) provides virtualized computing resources. This concept is fundamental to modern technology.,0
"To put it differently, Natural language processing bridges the gap between human language and computers. Named entity recognition identifies and classifies named entities in text. This concept is fundamental to modern technology.",1
Supervised learning uses labeled data to train models for classification. Reinforcement learning trains agents through rewards and punishments.,0
Cloud computing is the delivery of computing services over the internet. Platform as a Service (PaaS) offers a platform for developing and managing applications. This concept is fundamental to modern technology.. Hybrid cloud combines private and public cloud infrastructure for greater flexibility,1
"Firewalls are network security devices that monitor and filter incoming and outgoing network traffic. Malware is malicious software designed to damage, disrupt, or gain unauthorized access to a system. Cybersecurity involves protecting systems, networks, and programs from digital attacks.",0
"Firewalls are network security devices that monitor and filter incoming and outgoing network traffic. Cybersecurity involves protecting systems, networks, and programs from digital attacks. Encryption is the process of converting information into a code to prevent unauthorized access. This concept is fundamental to modern technology.",0
Text summarization creates concise summaries of longer documents. Natural language processing bridges the gap between human language and computers. Sentiment analysis determines the emotional tone behind words. This concept is fundamental to modern technology.,0
"Data science combines statistics, programming, and domain knowledge to extract insights. Feature engineering creates new variables to improve model accuracy.",1
Unsupervised understanding finds hidden patterns in unlabeled data. Reinforcement learning trains agents through rewards and punishments.,1
as Software a Service (SaaS) delivers software applications over the internet. Cloud computing is the delivery of computing services the over internet. Infrastructure as a Service (IaaS) provides virtualized computing resources.,1
Machine learning algorithms build models based on sample data to make predictions. Supervised learning uses labeled data to train models for classification. Reinforcement learning trains agents through rewards and punishments.,0
Machine learning algorithms build models based on sample data to make predictions. Reinforcement learning trains agents through rewards and punishments. This concept is fundamental to modern technology.,0
Text summarization creates concise summaries of longer documents. Sentiment analysis determines the emotional tone behind words. Natural language processing bridges the gap between human language and computers. This concept is fundamental to modern technology.,1
Text summarization creates concise summaries of longer documents. Natural language processing bridges the gap between human language and computers. This concept is fundamental to modern technology.,0
It can be said that Hybrid cloud combines private and public cloud infrastructure for greater flexibility. Software as a Service (SaaS) delivers software applications over the internet. Infrastructure as a Service (IaaS) provides virtualized computing resources. This concept is fundamental to modern technology.,1
Named entity recognition and identifies classifies named entities in text. Sentiment analysis determines the emotional tone behind words. Tokenization is the of process breaking text into individual words or tokens. This concept is fundamental to modern technology.,1
Text summarization creates concise summaries of longer documents. Sentiment analysis determines the emotional tone behind words. Named entity recognition identifies and classifies named entities in text.,0
This means that Data visualization helps communicate complex information effectively. Feature engineering creates new variables to improve model accuracy. This concept is fundamental to modern technology.,1
"Data visualization helps communicate complex information effectively. Data science combines statistics, programming, and domain knowledge to extract insights. Data preprocessing is essential for improving model performance. This concept is fundamental to modern technology.",0
"Essentially, Platform as a Service (PaaS) offers a platform for developing and managing applications. Software as a Service (SaaS) delivers software applications over the internet.",1
"Malware is malicious software designed to damage, disrupt, or gain unauthorized access to a system. Encryption is the process of converting information into a code to prevent unauthorized access.",1
Deep studying uses neural networks with multiple layers to process complex patterns. Natural language computing helps computers understand and generate human language. Machine learning enables computers to learn from data without explicit programming.,1
"This means that Artificial intelligence is the simulation of human intelligence in machines. AI systems can learn from experience, adapt to new inputs, and perform human-like tasks. Natural language processing helps computers understand and generate human language. This concept is fundamental to modern technology.",1
"Cybersecurity involves protecting systems, networks, and programs from digital attacks. Encryption is the process of converting information into a code to prevent unauthorized access. This concept is fundamental to modern technology.",0
Infrastructure as a Service (IaaS) provides virtualized computing resources. Platform as a Service (PaaS) offers a platform for developing and managing applications. Cloud computing is the delivery of computing services over the internet.,0
Neural networks are inspired by the biological of structure the brain. Supervised learning uses data labeled to train models for classification.,1
"This concept is fundamental to modern technology.. Machine learning enables computers to learn from data without explicit programming. AI systems can learn from experience, adapt to new inputs, and perform human-like tasks",1
Natural language processing helps computers understand and generate human language. Deep learning uses neural networks with multiple layers to process complex patterns. This concept is fundamental to modern technology.,0
"In other words, Big data refers to extremely large datasets that require advanced processing. Data preprocessing is essential for improving model performance. Data science combines statistics, programming, and domain knowledge to extract insights. This concept is fundamental to modern technology.",1
Named entity recognition identifies and classifies named entities in text. Natural language processing bridges the gap between human language and computers. Sentiment analysis determines the emotional tone behind words. This concept is fundamental to modern technology.,1
"Feature engineering creates new variables to improve model accuracy. Data preprocessing is essential for improving framework performance. information science combines statistics, programming, and domain knowledge to extract insights. This concept is fundamental to modern technology.",1
"Essentially, Machine learning algorithms build models based on sample data to make predictions. Supervised learning uses labeled data to train models for classification. Unsupervised learning finds hidden patterns in unlabeled data. This concept is fundamental to modern technology.",1
"Deep studying uses neural networks with multiple layers to process complex patterns. Machine studying enables computers to learn from statistics without explicit programming. AI systems can learn from experience, adapt to new inputs, and perform human-like tasks. This concept is fundamental to modern technology.",1
Named entity recognition identifies and classifies named entities in text. Tokenization is the process of breaking text into individual words or tokens. This concept is fundamental to modern technology.,0
Data preprocessing is essential for improving model performance. data Big refers to extremely large datasets that require advanced Data processing. visualization helps communicate complex information effectively. This concept is fundamental to modern technology.,1
This means that Reinforcement learning trains agents through rewards and punishments. Neural networks are inspired by the biological structure of the brain.,1
Neural networks are inspired by the biological structure of the brain. Unsupervised understanding finds hidden patterns in unlabeled statistics Supervised acquiring knowledge uses labeled data to train models for classification. This concept is fundamental to modern technology.,1
"Essentially, Firewalls are network security devices that monitor and filter incoming and outgoing network traffic. Encryption is the process of converting information into a code to prevent unauthorized access.",1
"Feature engineering creates new variables to improve model accuracy. information preprocessing is essential for improving framework performance. information science combines statistics, programming, and domain knowledge to extract insights. This concept is fundamental to modern technology.",1
"Data science combines statistics, programming, and domain knowledge to extract insights. Data visualization helps communicate complex information effectively. Big data refers to extremely large datasets that require advanced processing.",0
Text summarization creates concise summaries of longer documents. Sentiment analysis determines the emotional tone behind words. Tokenization is the process of breaking text into individual words or tokens. This concept is fundamental to modern technology.,0
"Data science combines statistics, programming, and domain knowledge to extract insights. Data visualization helps communicate complex information effectively.",0
Software as a Service (SaaS) delivers software applications over the internet. Hybrid cloud combines private and public cloud infrastructure for greater flexibility. Platform as a Service (PaaS) offers a platform for developing and managing applications. This concept is fundamental to modern technology.,0
Encryption is the process of converting information into a code to prevent unauthorized access. Firewalls are network security devices that monitor and filter incoming and outgoing network traffic. This concept is fundamental to modern technology.,0
"In other words, Malware is malicious software designed to damage, disrupt, or gain unauthorized access to a system. Phishing is a cyberattack that uses fraudulent emails to trick users into revealing sensitive information. Firewalls are network security devices that monitor and filter incoming and outgoing network traffic.",1
Text summarization creates concise summaries of longer documents. Tokenization is the process of breaking text into individual words tokens. or Sentiment analysis determines the emotional tone behind words.,1
Software as a Service (SaaS) delivers software applications over the internet. Hybrid cloud combines private and public cloud infrastructure for greater flexibility. This concept is fundamental to modern technology.,0
Deep learning uses neural networks with multiple layers to process complex patterns. Natural language processing helps computers understand and generate human language.,1
"Feature engineering creates new variables to improve model accuracy. Data science combines statistics, programming, and domain knowledge to extract insights. This concept is fundamental to modern technology.",0
"Encryption is the process of converting information into a code to prevent unauthorized access. Malware is malicious software designed to damage, disrupt, or gain unauthorized access to a system. Firewalls are network security devices that monitor and filter incoming and outgoing network traffic.",0
Supervised learning uses labeled data to train models for classification. Neural networks are inspired by the biological structure of the brain. This concept is fundamental to modern technology.,1
This means that Supervised learning uses labeled data to train models for classification. Unsupervised learning finds hidden patterns in unlabeled data. Machine learning algorithms build models based on sample data to make predictions.,1
Deep learning uses neural networks with multiple layers to process complex patterns. Artificial intelligence is the simulation of human intelligence in machines. Natural language processing helps computers understand and generate human language.,0
"Phishing is a cyberattack that uses fraudulent emails trick to users into revealing sensitive information. Malware is malicious software designed to damage, disrupt, gain or unauthorized access to a system.",1
Unsupervised learning finds hidden patterns in unlabeled Supervised data. learning uses labeled data to train models for classification.,1
Feature engineering creates new variables to improve framework accuracy. Big data refers to extremely large datasets that require advanced computing,1
Deep learning uses neural networks with multiple layers to process complex patterns. Machine learning enables computers to learn from data without explicit programming. This concept is fundamental to modern technology.,0
Natural language processing helps computers understand and language. generate human Machine learning enables computers to learn from data without explicit programming.,1
"Essentially, Artificial intelligence is the simulation of human intelligence in machines. Natural language processing helps computers understand and generate human language.",1
Machine learning algorithms build models based on sample data to make predictions. Neural networks are inspired by the biological structure of the brain.. Unsupervised learning finds hidden patterns in unlabeled data,1
Supervised learning uses labeled data to train models for classification. Neural networks are inspired by the biological structure of the brain.,0
Deep learning uses neural networks with multiple layers to process complex patterns. Artificial intelligence is the simulation of human intelligence in machines. Machine learning enables computers to learn from data without explicit programming.,0
Reinforcement learning trains agents through rewards and punishments. Supervised learning uses labeled data to train models for classification. Neural networks are inspired by the biological structure of the brain. This concept is fundamental to modern technology.,0
"Artificial intelligence is the simulation of human intelligence in machines. AI systems can learn from experience, adapt to new inputs, and perform human-like tasks.",0
Supervised learning uses labeled data to train models for classification. Neural networks are inspired by the biological structure of the brain. This concept is fundamental to modern technology.,0
Artificial intelligence is the simulation of human intelligence in machines. Deep learning uses neural networks with multiple layers to process complex patterns.,0
"Encryption is the process of converting information into a code to prevent unauthorized access. Cybersecurity involves protecting systems, networks, and programs from digital attacks. Malware is malicious software designed to damage, disrupt, or gain unauthorized access to a system.",0
Unsupervised learning finds hidden patterns in unlabeled data. Supervised learning uses labeled data to train models for classification. This concept is fundamental to modern technology.,0
This means that Supervised learning uses labeled data to train models for classification. Neural networks are inspired by the biological structure of the brain. Unsupervised learning finds hidden patterns in unlabeled data. This concept is fundamental to modern technology.,1
"Deep learning uses neural networks with multiple layers to process complex patterns. Natural language processing helps computers understand and generate human language. AI systems can learn from experience, adapt to new inputs, and perform human-like tasks.",0
Natural language processing bridges the gap between human language and computers. Text summarization creates concise summaries of longer documents. This concept is fundamental to modern technology.,0
Tokenization is the process of breaking text into individual words or tokens. Natural language processing bridges the gap between human language and computers. Named entity recognition identifies and classifies named entities in text.,0
learning Machine algorithms build models based on sample data to make predictions. Unsupervised learning finds hidden patterns in unlabeled data. Neural networks are inspired by the biological structure of the brain.,1
Data preprocessing is essential for improving model performance. Big data refers to extremely large datasets that require advanced processing. Data visualization helps communicate complex information effectively. This concept is fundamental to modern technology.,0
"Cybersecurity involves protecting systems, networks, and programs from digital attacks. Firewalls are network security devices that monitor and filter incoming and outgoing network traffic. Encryption is the process of converting information into a code to prevent unauthorized access. This concept is fundamental to modern technology.",0
Neural networks are inspired by the biological structure of the brain. Unsupervised learning finds hidden patterns in unlabeled data. Supervised learning uses labeled data to train models for classification.,0
"In other words, Machine learning enables computers to learn from data without explicit programming. AI systems can learn from experience, adapt to new inputs, and perform human-like tasks. This concept is fundamental to modern technology.",1
"Cybersecurity involves protecting systems, networks, and programs from digital attacks. Firewalls are network security devices that monitor and filter incoming and outgoing network traffic. Malware is malicious software designed to damage, disrupt, or gain unauthorized access to a system.",0
"AI systems can learn from experience, adapt to new inputs, and perform human-like tasks. Artificial intelligence is the simulation of human intelligence in machines.",1
It can be said that Supervised learning uses labeled data to train models for classification. Neural networks are inspired by the biological structure of the brain. Machine learning algorithms build models based on sample data to make predictions.,1
Unsupervised learning finds hidden patterns in unlabeled data. Supervised learning uses labeled data to train models for classification.,0
Tokenization is the process of breaking text into individual words or tokens. Natural language processing bridges the gap between human language and computers. This concept is fundamental to modern technology.,0
"Data science combines statistics, programming, and domain knowledge to extract insights. Feature engineering creates new variables to improve model accuracy. Big data refers to extremely large datasets that require advanced processing. This concept is fundamental to modern technology.",0
Reinforcement learning trains agents through rewards and punishments. Neural networks are inspired by the biological structure of the brain.,0
"Data science combines statistics, programming, and domain knowledge to extract insights. Data visualization helps communicate complex information effectively. Big data refers to extremely large datasets that require advanced processing.",0
Hybrid cloud combines private and public cloud infrastructure for greater flexibility. Infrastructure as a Service (IaaS) provides virtualized computing resources. Cloud computing is the delivery of computing services over the internet.,0
Cloud computing is the delivery of computing services over the internet. Infrastructure as a Service (IaaS) provides virtualized computing resources. Hybrid cloud combines private and public cloud infrastructure for greater flexibility.,0
Cloud computing is the delivery of computing services over the internet. Platform as a Service (PaaS) offers a platform for developing and managing applications. Hybrid cloud combines private and public cloud infrastructure for greater flexibility.,0
"AI systems can learn from experience, adapt to new inputs, and perform human-like tasks. Deep learning uses neural networks with multiple layers to process complex patterns. Machine understanding enables computers to learn from data without explicit programming. This concept is fundamental to modern technology.",1
Supervised learning uses labeled data to train models for classification. Unsupervised learning finds hidden patterns in unlabeled data.,0
Phishing is a cyberattack that uses fraudulent emails to trick users into revealing sensitive information. Encryption is the process of converting information into a code to prevent unauthorized access.,1
Encryption is the process of converting information into a code to prevent unauthorized access. Phishing is a cyberattack that uses fraudulent emails to trick users into revealing sensitive information.,0
Platform as a Service (PaaS) offers a platform for developing and managing applications. Hybrid cloud combines private and public cloud infrastructure for greater flexibility.,0
Phishing is a cyberattack that uses fraudulent emails to trick users into revealing sensitive information. Encryption is the process of converting information into a code to prevent unauthorized access. Firewalls are network security devices that monitor and filter incoming and outgoing network traffic. This concept is fundamental to modern technology.,0
Firewalls are network security devices that monitor and filter incoming and outgoing network traffic. Phishing is a cyberattack that uses fraudulent emails to trick users into revealing sensitive information. This concept is fundamental to modern technology.,0
"Deep learning uses neural networks with multiple layers to process complex patterns. AI systems can learn from experience, adapt to new inputs, and perform human-like tasks. Machine learning enables computers to learn from data without explicit programming. This concept is fundamental to modern technology.",0
Software as a Service (SaaS) delivers software applications over the internet. Cloud computing is the delivery of computing services over the internet. Infrastructure as a Service (IaaS) provides virtualized computing resources.,0
Supervised learning uses data labeled to train models for classification. Neural networks are inspired by the biological structure of the brain. Reinforcement learning trains agents through rewards and punishments. This concept is fundamental to modern technology.,1
Natural language processing bridges the gap between human language and computers. Tokenization is the process of breaking text into individual words or tokens. Named entity recognition identifies and classifies named entities in text. This concept is fundamental to modern technology.,0
Platform as a Service (PaaS) offers a platform for developing and managing applications. Software as a Service (SaaS) delivers software applications over the internet.,1
Named entity recognition identifies and classifies named entities in text. Natural language processing bridges the gap between human language and computers. Tokenization is the process of breaking text into individual words or tokens. This concept is fundamental to modern technology.,1
Big data refers to extremely large datasets that require advanced processing. Feature engineering creates new variables to improve model accuracy. Data preprocessing is essential for improving model performance.,0
Hybrid cloud combines private and public cloud infrastructure for greater flexibility. Infrastructure as a Service (IaaS) provides virtualized computing resources. Cloud computing is of the delivery computing services over the internet.,1
Sentiment analysis determines the emotional tone behind words. Named entity recognition identifies and classifies named entities in text. Tokenization is the process of breaking text into individual words or tokens. This concept is fundamental to modern technology.,0
"Encryption is the process of converting information into a code to prevent unauthorized access. Malware is malicious software designed to damage, disrupt, or gain unauthorized access to a system. Phishing is a cyberattack that uses fraudulent emails to trick users into revealing sensitive information. This concept is fundamental to modern technology.",0
Supervised learning uses labeled data to train models for classification. Machine learning algorithms build models based on sample data to make predictions.. Unsupervised learning finds hidden patterns in unlabeled data,1
Data preprocessing is essential for improving model performance. Feature engineering creates new variables to improve model accuracy.,1
Supervised learning uses labeled data to train models for classification. Neural networks are inspired by the biological structure of the brain. This concept is fundamental to modern technology.,0
Deep learning uses neural networks with multiple layers to process complex patterns. Artificial intelligence is the simulation of human intelligence in machines. Natural language processing helps computers understand and generate human language.,0
"Deep learning uses neural networks with multiple layers to process complex AI patterns. systems can learn from experience, adapt to new inputs, and perform human-like tasks.",1
Data visualization helps communicate complex information effectively. Big data refers to extremely large datasets that require advanced processing.,0
Text summarization creates concise summaries of longer documents. Natural language processing bridges the gap between human language and computers. Tokenization is the process of breaking text into individual words or tokens. This concept is fundamental to modern technology.,0
Unsupervised learning finds hidden patterns in unlabeled data. Neural networks are inspired by the biological structure of the brain. Reinforcement learning trains agents through rewards and punishments. This concept is fundamental to modern technology.,0
"Data visualization helps communicate complex information effectively. Data science combines statistics, programming, and domain knowledge to extract This insights. concept is fundamental to modern technology.",1
"Firewalls are network security devices that monitor and filter incoming and outgoing network traffic. Malware is malicious software designed to damage, disrupt, or gain unauthorized access to a system. Cybersecurity involves protecting systems, networks, and programs from digital attacks.",0
Firewalls are network security devices that monitor and filter incoming and outgoing network traffic. Encryption is the process of converting information into a code to prevent unauthorized access. This concept is fundamental to modern technology.,0
"Data preprocessing is essential for improving model performance. Data science combines statistics, programming, and domain knowledge to extract insights. This concept is fundamental to modern technology.",0
"In other words, Machine learning algorithms build models based on sample data to make predictions. Neural networks are inspired by the biological structure of the brain.",1
Software as a Service (SaaS) delivers software applications over the internet. Cloud computing is the delivery of computing services over the internet.,0
Artificial intelligence is the simulation of human intelligence in machines. Deep learning uses neural networks with multiple layers to process complex patterns.,0
Cloud computing is the delivery of computing services over the internet. Hybrid cloud combines private and public cloud infrastructure for greater flexibility.,0
Machine learning algorithms build models based on sample data to make predictions. Supervised learning uses labeled data to train models for classification. Reinforcement learning trains agents through rewards and punishments.,0
Platform as a Service (PaaS) offers a platform for developing and managing applications. Cloud computing is the delivery of computing services over the internet. This concept is fundamental to modern technology.,0
Named entity recognition identifies and classifies named entities in text.. Text summarization creates concise summaries of longer documents,1
"Artificial intelligence is the simulation of human intelligence in machines. AI systems can learn from experience, adapt to new inputs, and perform human-like tasks.",0
This means that Sentiment analysis determines the emotional tone behind words. Text summarization creates concise summaries of longer documents. Named entity recognition identifies and classifies named entities in text.,1
Big data refers to extremely large datasets that require advanced processing. Data visualization helps communicate complex information effectively. This concept is fundamental to modern technology.,0
"Malware is malicious software designed to damage, disrupt, or gain unauthorized access to a system. Phishing is a cyberattack that uses fraudulent emails to trick users into revealing sensitive information.",1
"Essentially, Unsupervised learning finds hidden patterns in unlabeled data. Neural networks are inspired by the biological structure of the brain. Reinforcement learning trains agents through rewards and punishments.",1
"This means that Data science combines statistics, programming, and domain knowledge to extract insights. Data preprocessing is essential for improving model performance. Data visualization helps communicate complex information effectively.",1
Deep learning uses neural networks with multiple layers to process complex patterns. Machine learning enables computers to learn from data without explicit programming. Natural language processing helps computers understand and generate human language. This concept is fundamental to modern technology.,0
Unsupervised learning finds hidden patterns in unlabeled data. Neural networks are inspired by the biological structure of the brain.,0
"Essentially, Cloud computing is the delivery of computing services over the internet. Hybrid cloud combines private and public cloud infrastructure for greater flexibility.",1
Encryption is the process of converting information into a code to prevent unauthorized access. Firewalls are network security devices that monitor and filter incoming and outgoing network traffic. This concept is fundamental to modern technology.,0
Artificial intelligence is the simulation of human intelligence in machines. Natural language processing helps computers understand and generate human language. This concept is fundamental to modern technology.,0
Platform as a Service (PaaS) offers a platform for developing and managing applications. Hybrid cloud combines private and public cloud infrastructure for greater flexibility.,0
Data visualization helps communicate complex information effectively. This concept is fundamental to modern technology.. Feature engineering creates new variables to improve model accuracy,1
"To put it differently, AI systems can learn from experience, adapt to new inputs, and perform human-like tasks. Natural language processing helps computers understand and generate human language. Machine learning enables computers to learn from data without explicit programming.",1
"In other words, Deep learning uses neural networks with multiple layers to process complex patterns. AI systems can learn from experience, adapt to new inputs, and perform human-like tasks.",1
"In other words, Hybrid cloud combines private and public cloud infrastructure for greater flexibility. Platform as a Service (PaaS) offers a platform for developing and managing applications.",1
Data preprocessing is essential for improving model performance. Feature engineering creates new variables to improve model accuracy. Data visualization helps communicate complex information effectively.,0
Cloud computing is the delivery of computing services over the internet. Hybrid cloud combines private and public cloud infrastructure for greater flexibility. Software as a Service (SaaS) delivers software applications over the internet.,0
Encryption is the process of converting information into a code to prevent unauthorized access. Phishing is a cyberattack that uses fraudulent emails to trick users into revealing sensitive information. Firewalls are network security devices that monitor and filter incoming and outgoing network traffic.,0
Reinforcement learning trains agents through rewards and punishments. Neural networks are inspired by the biological structure of the brain.,0
"Cybersecurity involves protecting systems, networks, and programs from attacks. digital Firewalls are network security devices that monitor and filter incoming and outgoing network traffic.",1
Text summarization creates concise summaries of longer documents. This concept is fundamental to modern technology.. Sentiment analysis determines the emotional tone behind words. Tokenization is the process of breaking text into individual words or tokens,1
"Malware is malicious software designed to damage, disrupt, or gain unauthorized access to a system. Cybersecurity involves protecting systems, networks, and programs from digital attacks. Encryption is the process of converting information into a code to prevent unauthorized access.",0
"Encryption is the process of converting information into a code to prevent unauthorized access. Cybersecurity involves protecting systems, networks, and programs from digital attacks.. Phishing is a cyberattack that uses fraudulent emails to trick users into revealing sensitive information",1
"Essentially, Named entity recognition identifies and classifies named entities in text. Natural language processing bridges the gap between human language and computers.",1
Named entity recognition identifies and classifies named entities in text. Natural language processing bridges the gap between human language and computers.,0
Artificial intelligence is the simulation of human intelligence in machines. Machine learning enables computers to learn from data without explicit programming. Natural language processing helps computers understand and generate human language.,0
Software as a Service (SaaS) delivers software applications over the internet. Hybrid cloud combines private and public cloud infrastructure for greater flexibility. Infrastructure as a Service (IaaS) provides virtualized computing resources.,0
Data visualization helps communicate complex information effectively. engineering Feature new creates variables to improve model accuracy.,1
"It can be said that AI systems can learn from experience, adapt to new inputs, and perform human-like tasks. Natural language processing helps computers understand and generate human language.",1
Software as a Service (SaaS) delivers software applications over the internet. Cloud computing is the delivery of computing services over the internet. Platform as a Service (PaaS) offers a platform for developing and managing applications. This concept is fundamental to modern technology.,0
"To put it differently, AI systems can learn from experience, adapt to new inputs, and perform human-like tasks. Machine learning enables computers to learn from data without explicit programming.",1
Supervised learning uses labeled data to train models for classification. Neural networks are inspired by the biological structure of the brain.,0
"Firewalls are network security devices that monitor and filter incoming and outgoing network traffic. Malware is malicious software designed to damage, disrupt, or gain unauthorized access to a system. Cybersecurity involves protecting systems, networks, and programs from digital attacks.",0
Reinforcement learning trains through agents rewards and punishments. Supervised learning uses labeled data to train models for classification. Unsupervised learning finds hidden patterns in unlabeled data. This concept fundamental is to modern technology.,1
"To put it differently, Neural networks are inspired by the biological structure of the brain. Supervised learning uses labeled data to train models for classification.",1
This means that Sentiment analysis determines the emotional tone behind words. Natural language processing bridges the gap between human language and computers. This concept is fundamental to modern technology.,1
"Firewalls are network security that devices monitor and incoming filter and outgoing network traffic. Cybersecurity involves protecting systems, networks, and programs from digital attacks.",1
"AI systems can learn from experience, adapt to new inputs, and perform human-like tasks. Deep learning uses neural networks with multiple layers to process complex patterns. Natural language processing helps computers understand and generate human language.",1
Supervised learning uses labeled data to train models for classification. Machine learning algorithms build models based on sample data to make predictions.,0
"Data visualization helps communicate complex information effectively. Data science combines statistics, programming, and domain knowledge to extract insights. This concept is fundamental to modern technology.",0
Machine learning algorithms build models based on sample data to make predictions. Unsupervised learning finds hidden patterns in unlabeled data. Neural networks are inspired by the biological structure of the brain.,0
Machine learning algorithms build models based on sample data to make predictions. Neural networks are inspired by the biological structure of the brain.,0
Machine learning enables computers to learn from data without explicit programming. Natural language processing helps computers understand and generate human language. Deep learning uses neural networks with multiple layers to process complex patterns.,0
"Feature engineering creates new variables to improve model accuracy. Data science combines statistics, programming, and domain knowledge to extract insights. This concept is fundamental to modern technology.",0
Feature engineering creates new variables to improve model accuracy. Data visualization helps communicate complex information effectively. This concept is fundamental to modern technology.,0
Supervised learning uses labeled data to train models for classification. This concept is fundamental to modern technology.. Reinforcement learning trains agents through rewards and punishments. Machine learning algorithms build models based on sample data to make predictions,1
"AI systems can learn from experience, adapt to new inputs, and perform human-like tasks. Natural language processing helps computers understand and generate human language.",0
"Artificial intelligence is the simulation of human intelligence in machines. Deep learning uses neural networks with multiple layers to process complex patterns. AI systems can learn from experience, adapt to new inputs, and perform human-like tasks. This concept is fundamental modern to technology.",1
Natural language processing bridges the gap between human language and computers. Tokenization is the process of breaking text into individual words or tokens. Text summarization creates concise summaries of longer documents. This concept is fundamental to modern technology.,0
This concept is fundamental to modern technology.. Data preprocessing is essential for improving model performance. Big data refers to extremely large datasets that require advanced processing,1
Natural language processing bridges the gap between human language and computers. Named recognition entity identifies and classifies named entities in text.,1
Sentiment analysis determines the emotional tone behind words. Named entity recognition identifies and classifies named entities in text. Text summarization creates concise summaries of longer documents. This concept is fundamental to modern technology.,0
Data visualization helps communicate complex information effectively. Feature engineering creates new variables to improve model accuracy. Big data refers to extremely large datasets that require advanced processing.,0
Natural language processing bridges the gap between human language and computers.. Tokenization is the process of breaking text into individual words or tokens,1
Named entity recognition identifies and classifies named entities in text. Sentiment analysis determines the emotional tone behind words. Tokenization is the process of breaking text into individual words or tokens. This concept is fundamental to modern technology.,0
"In other words, Hybrid cloud combines private and public cloud infrastructure for greater flexibility. Infrastructure as a Service (IaaS) provides virtualized computing resources.",1
Text summarization creates concise summaries of longer documents. Tokenization is the process of breaking text into words individual or tokens. Named entity identifies recognition and classifies named entities in text. This concept is fundamental to modern technology.,1
"Deep learning uses neural networks with layers multiple to process complex patterns. Machine learning enables computers to learn from data without explicit programming. AI systems can learn from experience, adapt to new inputs, and perform human-like tasks.",1
"Deep learning neural uses networks with multiple layers to process complex patterns. AI systems can learn from experience, adapt to new and inputs, perform human-like tasks.",1
Firewalls are network security devices that monitor and filter incoming and outgoing network traffic. Phishing is cyberattack a that uses emails fraudulent to trick users into revealing sensitive information.,1
"Firewalls are network security devices that monitor and filter incoming and outgoing network traffic. Cybersecurity involves protecting systems, networks, and programs from digital attacks. Malware is malicious software designed to damage, disrupt, or gain unauthorized access to a system. This concept is fundamental to modern technology.",1
Natural language processing helps computers understand and generate human language. Machine learning enables computers to learn from data without explicit programming. Artificial intelligence is the simulation of human intelligence in machines.,0
Text summarization creates concise summaries of longer documents.. Natural language processing bridges the gap between human language and computers,1
Data visualization helps communicate complex information effectively. Feature engineering creates new variables to improve model accuracy. This concept is fundamental to modern technology.,0
"Essentially, Supervised learning uses labeled data to train models for classification. Neural networks are inspired by the biological structure of the brain. Unsupervised learning finds hidden patterns in unlabeled data. This concept is fundamental to modern technology.",1
Data preprocessing is essential for improving model performance. Feature engineering creates new variables to improve model accuracy.,0
"It can be said that Cybersecurity involves protecting systems, networks, and programs from digital attacks. Phishing is a cyberattack that uses fraudulent emails to trick users into revealing sensitive information. Firewalls are network security devices that monitor and filter incoming and outgoing network traffic.",1
Data visualization helps communicate complex information effectively. This concept is fundamental to modern technology.. Feature engineering creates new variables to improve model accuracy. Big data refers to extremely large datasets that require advanced processing,1
This concept is fundamental to modern technology.. Phishing is a cyberattack that uses fraudulent emails to trick users into revealing sensitive information. Encryption is the process of converting information into a code to prevent unauthorized access,1
"Firewalls are network security devices that monitor and filter incoming and outgoing traffic. network Malware is malicious software designed to damage, disrupt, or gain unauthorized access to a system. Phishing is a cyberattack that uses fraudulent emails to trick users into revealing sensitive information.",1
Reinforcement learning trains agents through rewards and punishments. Machine learning algorithms build models based on sample information to make predictions. Neural networks are inspired by the biological structure of the brain.,1
Cloud computing is the delivery of computing services over the internet. Platform as a Service (PaaS) offers a platform for developing and managing applications.,1
Sentiment analysis determines the emotional tone behind words. Natural language computing bridges the gap between human language and computers. Text summarization creates concise summaries of longer documents.,1
"AI systems can learn from experience, adapt to new inputs, and perform human-like tasks. Artificial intelligence is the simulation of human intelligence in machines.",0
"Artificial intelligence is the simulation of human intelligence in machines. AI systems can learn from experience, adapt to new inputs, and perform human-like tasks.",1
"Essentially, Machine learning algorithms build models based on sample data to make predictions. Unsupervised learning finds hidden patterns in unlabeled data. Neural networks are inspired by the biological structure of the brain.",1
"To put it differently, Machine learning algorithms build models based on sample data to make predictions. Unsupervised learning finds hidden patterns in unlabeled data. Reinforcement learning trains agents through rewards and punishments. This concept is fundamental to modern technology.",1
Tokenization is the process of breaking text into individual words or tokens. Text summarization creates concise summaries of longer documents. Natural language processing bridges the gap between human language and computers. This concept is fundamental to modern technology.,1
Software as a Service (SaaS) delivers software applications over the internet. Platform as a Service (PaaS) offers a platform for developing and managing applications. Cloud computing is the delivery of computing services over the internet. This concept is fundamental to modern technology.,1
Unsupervised learning finds hidden patterns in unlabeled data. Reinforcement learning trains agents through rewards and punishments. concept This is fundamental to modern technology.,1
Phishing is a cyberattack that uses fraudulent emails to trick users into revealing sensitive information. Encryption is the process of converting information into a code to prevent unauthorized access. Firewalls are network security devices that monitor and filter incoming and outgoing network traffic.,0
Natural language computing bridges the gap between human language and computers. Text summarization creates concise summaries of longer documents. Sentiment examination determines the emotional tone behind words.,1
Big data refers to extremely large datasets that require advanced processing. Data preprocessing is essential for improving model performance. Feature engineering creates new variables to improve model accuracy.,1
"Data visualization helps communicate complex information effectively. Big data refers to extremely large datasets that require advanced processing. Data science combines statistics, programming, and domain knowledge to extract insights. This concept is fundamental to modern technology.",0
Hybrid cloud combines private and public cloud infrastructure for greater flexibility.. Platform as a Service (PaaS) offers a platform for developing and managing applications. Cloud computing is the delivery of computing services over the internet,1
Data is preprocessing essential improving for model performance. Feature engineering creates new variables to improve model accuracy. This concept is fundamental to modern technology.,1
"Malware is malicious software designed to damage, disrupt, or gain unauthorized access to a system. Phishing is a cyberattack that uses fraudulent emails to trick users into revealing sensitive information. This concept is fundamental to modern technology.",0
"Cybersecurity involves protecting systems, networks, and programs from digital attacks. Malware is malicious software designed to damage, disrupt, or gain unauthorized access to a system. Phishing is a cyberattack that uses fraudulent emails to trick users into revealing sensitive information.",0
"Essentially, Text summarization creates concise summaries of longer documents. Tokenization is the process of breaking text into individual words or tokens. Named entity recognition identifies and classifies named entities in text.",1
Reinforcement learning trains agents through rewards and punishments. Unsupervised learning finds hidden patterns in unlabeled data. Supervised learning uses labeled data to train models for classification.,1
"Data science combines statistics, programming, and domain knowledge to extract insights. Big statistics refers to extremely large datasets that require advanced handling information preprocessing is essential for improving structure performance. This concept is fundamental to modern technology.",1
Natural language processing helps computers understand and generate human language. Deep learning uses neural networks with multiple layers to process complex patterns. This concept is fundamental to modern technology.,0
"To put it differently, Data visualization helps communicate complex information effectively. Feature engineering creates new variables to improve model accuracy. This concept is fundamental to modern technology.",1
Deep learning uses neural networks with multiple layers to process complex patterns. Machine learning enables computers to learn from data without explicit programming. Natural language processing helps computers understand and generate human language.,0
Machine learning build algorithms models based on sample data to make predictions. Supervised learning uses labeled to data train models for classification. This concept is fundamental to modern technology.,1
Natural language processing bridges the gap between human language and computers. entity Named recognition identifies and classifies named entities in text.,1
"Deep learning uses neural networks with multiple layers to process complex patterns. AI systems can learn from experience, adapt to new inputs, and perform human-like tasks. Machine learning enables computers to learn from data without explicit programming.",0
"To put it differently, Firewalls are network security devices that monitor and filter incoming and outgoing network traffic. Malware is malicious software designed to damage, disrupt, or gain unauthorized access to a system. Phishing is a cyberattack that uses fraudulent emails to trick users into revealing sensitive information. This concept is fundamental to modern technology.",1
"Essentially, Malware is malicious software designed to damage, disrupt, or gain unauthorized access to a system. Phishing is a cyberattack that uses fraudulent emails to trick users into revealing sensitive information. Firewalls are network security devices that monitor and filter incoming and outgoing network traffic. This concept is fundamental to modern technology.",1
Feature engineering creates new variables to improve model accuracy.. Data visualization helps communicate complex information effectively. Data preprocessing is essential for improving model performance,1
Feature engineering creates new variables to improve model accuracy. Data helps visualization communicate complex information effectively. This is concept fundamental to modern technology.,1
Neural networks are inspired by the biological structure of the brain. Unsupervised learning finds hidden patterns in unlabeled data.,0
"This concept is fundamental to modern technology.. Data preprocessing is essential for improving model performance. Data science combines statistics, programming, and domain knowledge to extract insights. Data visualization helps communicate complex information effectively",1
"In other words, Sentiment analysis determines the emotional tone behind words. Natural language processing bridges the gap between human language and computers.",1
"Essentially, Natural language processing helps computers understand and generate human language. Deep learning uses neural networks with multiple layers to process complex patterns. Artificial intelligence is the simulation of human intelligence in machines.",1
Machine learning algorithms build models based on sample data to make predictions. Neural networks are inspired by the biological structure of the brain.,1
Software as a Service (SaaS) delivers software applications over the internet. Cloud computing is the delivery of computing services over the internet.,1
Machine learning algorithms build models based on sample data to make predictions. Unsupervised learning finds hidden patterns in unlabeled data. Neural networks are inspired by the biological structure of the brain.,1
Tokenization is the process of breaking text into individual words or tokens. Named entity recognition identifies and classifies named entities in text. Sentiment analysis determines the emotional tone behind words.,0
"Data visualization helps communicate complex information effectively. Data science combines statistics, programming, and domain knowledge to extract insights. This concept is fundamental to modern technology.",0
Sentiment analysis determines the emotional tone behind words. Text summarization creates concise summaries of longer documents. This concept is fundamental to modern technology.,0
Neural networks are inspired by the biological structure of the brain. Machine learning algorithms build models based on sample data to make predictions. Unsupervised learning finds hidden patterns in unlabeled data.,1
Software as a Service (SaaS) delivers software applications the over internet. as Infrastructure a Service (IaaS) provides virtualized computing resources. Platform as a Service (PaaS) offers a platform for developing and managing applications. This concept is fundamental to modern technology.,1
"Encryption is the process of converting information into a code to prevent unauthorized access. Firewalls are network security devices that monitor and filter incoming and outgoing network traffic. Cybersecurity involves protecting systems, networks, and programs from digital attacks. This concept is fundamental to modern technology.",1
Unsupervised learning finds hidden patterns in unlabeled data. Reinforcement learning trains agents through rewards and punishments. This concept is fundamental to modern technology.,0
Sentiment analysis determines the emotional tone behind words. Natural language processing bridges the gap between human language and computers.,0
Neural networks are inspired by the biological structure of the brain. Machine learning algorithms build models based on sample data to make predictions.,0
"Data visualization helps communicate complex information effectively. Big data refers to extremely large datasets that require advanced processing. Data science combines statistics, programming, and domain knowledge to extract insights.",0
Data visualization helps communicate complex information effectively. Big data refers to extremely large datasets that require advanced processing. Data preprocessing is essential for improving model performance.,0
Neural networks are inspired by the biological structure of the brain. Unsupervised learning finds hidden patterns in unlabeled data.. Machine learning algorithms build models based on sample data to make predictions,1
It can be said that Data preprocessing is essential for improving model performance. Feature engineering creates new variables to improve model accuracy. Big data refers to extremely large datasets that require advanced processing.,1
"Essentially, Data visualization helps communicate complex information effectively. Big data refers to extremely large datasets that require advanced processing. Data science combines statistics, programming, and domain knowledge to extract insights.",1
Feature engineering creates new variables to improve model accuracy. Data visualization helps communicate complex information effectively.,0
Natural language processing bridges the gap between human language and computers. Named entity recognition identifies and classifies named entities in text. Tokenization is the process of breaking text into individual words or tokens. This concept is fundamental to modern technology.,0
statistics preprocessing is essential for improving framework performance. Feature engineering creates new variables to improve system accuracy.,1
"In other words, Neural networks are inspired by the biological structure of the brain. Supervised learning uses labeled data to train models for classification. Reinforcement learning trains agents through rewards and punishments.",1
Neural networks are inspired by the biological structure of the brain.. Unsupervised learning finds hidden patterns in unlabeled data,1
Neural networks are inspired by the biological structure of the brain. Unsupervised learning finds hidden patterns in unlabeled data. Reinforcement learning trains agents through rewards and punishments.,1
Data helps visualization communicate complex information effectively. Big data refers to extremely large datasets that require advanced processing.,1
"Data science combines statistics, programming, and domain knowledge to extract insights. Big data refers to extremely large datasets that require advanced processing. Data preprocessing is essential for improving model performance.",0
Tokenization is the process of breaking text into individual words or tokens. Sentiment analysis determines the emotional tone behind words. Natural language processing bridges the gap between human language and computers.,0
Natural language processing bridges the gap between human language and computers. Tokenization is the process of breaking text into individual words or tokens. Text summarization creates concise summaries of longer documents.,0
Software as a Service (SaaS) delivers software applications over the internet. Hybrid cloud combines private and public cloud infrastructure for greater flexibility. Infrastructure as a Service (IaaS) provides virtualized computing resources.,0
This means that Artificial intelligence is the simulation of human intelligence in machines. Natural language processing helps computers understand and generate human language. Deep learning uses neural networks with multiple layers to process complex patterns.,1
Sentiment analysis determines the emotional tone behind words. Text summarization creates concise summaries of longer documents. Named entity recognition identifies and classifies named entities in text.,1
Machine learning algorithms build models based on sample statistics to make predictions. Reinforcement acquiring knowledge trains agents through rewards and punishments. Supervised understanding uses labeled statistics to train models for classification. This concept is fundamental to modern technology.,1
"AI systems can learn from experience, adapt to new inputs, and perform human-like tasks. Machine learning enables computers to learn from data without explicit programming.",1
"AI systems can learn from experience, adapt to new inputs, and perform human-like tasks. Deep learning uses neural networks with multiple layers to process complex patterns. Artificial intelligence is the simulation of human intelligence machines. in This concept is fundamental to modern technology.",1
"Cybersecurity involves protecting systems, networks, and programs from digital attacks. Phishing is a cyberattack that uses fraudulent emails to trick users into revealing sensitive information.",0
"Machine learning enables computers to learn from data without explicit programming. Deep learning uses neural networks with multiple layers to process complex patterns. AI systems can learn from experience, adapt to new inputs, and perform human-like tasks.",0
"Firewalls are network security devices that monitor and filter incoming and outgoing network traffic. Cybersecurity involves protecting systems, networks, and programs from digital attacks.",0
Neural networks are inspired by the biological structure of the brain. Supervised learning uses labeled data to train models for classification.,0
"Deep learning uses neural networks with multiple layers to process complex patterns. Machine learning enables computers to learn from data without explicit programming. AI systems can learn from experience, adapt to new inputs, and perform human-like tasks. This concept is fundamental to modern technology.",0
"To put it differently, Artificial intelligence is the simulation of human intelligence in machines. AI systems can learn from experience, adapt to new inputs, and perform human-like tasks. Deep learning uses neural networks with multiple layers to process complex patterns.",1
"In other words, Deep learning uses neural networks with multiple layers to process complex patterns. Machine learning enables computers to learn from data without explicit programming. Natural language processing helps computers understand and generate human language.",1
"To put it differently, Neural networks are inspired by the biological structure of the brain. Reinforcement learning trains agents through rewards and punishments. Machine learning algorithms build models based on sample data to make predictions. This concept is fundamental to modern technology.",1
Platform as a Service (PaaS) offers a platform for developing and managing applications. Software as a Service (SaaS) delivers software applications over the internet. Infrastructure as a Service (IaaS) provides virtualized computing resources. This concept is fundamental to modern technology.,1
"Deep learning uses neural networks with multiple layers to process complex patterns. AI systems can learn from experience, adapt to new inputs, and perform human-like tasks.",1
"Data preprocessing is essential for improving model performance. Data visualization helps communicate complex information effectively. Data science combines statistics, programming, and domain knowledge to extract insights.",0
Reinforcement acquiring knowledge trains agents through rewards and punishments. Unsupervised learning finds hidden patterns in unlabeled data. Neural networks are inspired by the biological structure of the brain. This concept is fundamental to modern technology.,1
"Big data refers to extremely large datasets that require advanced processing. Data science combines statistics, programming, and domain knowledge to extract insights.",0
Natural language processing bridges the gap between human language and computers. Sentiment analysis determines the emotional tone behind words. Named entity recognition identifies and classifies named entities in text. This concept is fundamental to modern technology.,0
Artificial cognition is the simulation of human cognition in machines. Natural language analyzing helps computers understand and generate human language. Deep learning uses neural networks with multiple layers to process complex patterns.,1
"Malware is malicious software designed to damage, disrupt, or gain unauthorized access to a system. Cybersecurity involves protecting systems, networks, and programs from digital attacks. This concept is fundamental to modern technology.",0
Infrastructure as a Service (IaaS) provides virtualized computing resources. Software as a Service (SaaS) delivers software applications over the internet. Platform as a Service (PaaS) offers a platform for developing and managing applications. This concept is fundamental to modern technology.,0
This means that Sentiment analysis determines the emotional tone behind words. Named entity recognition identifies and classifies named entities in text. Tokenization is the process of breaking text into individual words or tokens. This concept is fundamental to modern technology.,1
"AI systems can learn from experience, adapt to new inputs, and perform human-like tasks. Deep learning uses neural networks with multiple layers to process complex patterns. Artificial intelligence is the simulation of human intelligence in machines.",0
"Data visualization helps communicate complex information effectively. statistics science combines statistics, programming, and domain knowledge to extract insights. statistics preprocessing is essential for improving model performance. This concept is fundamental to modern technology.",1
"Cybersecurity involves protecting systems, networks, and programs from digital attacks. Encryption is the process of converting information into a code to prevent unauthorized access. This concept is fundamental to modern technology.",0
Unsupervised learning finds hidden patterns in unlabeled data. Reinforcement learning trains agents through rewards and punishments.,1
"In other words, Cybersecurity involves protecting systems, networks, and programs from digital attacks. Encryption is the process of converting information into a code to prevent unauthorized access. This concept is fundamental to modern technology.",1
Text summarization creates concise summaries of longer documents. Tokenization is the process of breaking text into individual words or tokens. Natural language processing bridges the gap between human language and computers. This concept fundamental is modern to technology.,1
Infrastructure as a Service (IaaS) provides virtualized computing resources. Software as a Service (SaaS) delivers software applications over the internet. Hybrid cloud combines private and public cloud infrastructure for greater flexibility.,0
Reinforcement learning trains agents through rewards and punishments. Supervised learning uses labeled data to train models for classification.,0
Infrastructure as a Service (IaaS) provides virtualized computing resources. Platform as a Service (PaaS) offers a platform for developing and managing applications. This concept is fundamental to modern technology.,0
"information visualization helps communicate complex information effectively. Data science combines statistics, programming, and domain knowledge to extract insights. Big information refers to extremely large datasets that require advanced analyzing This concept is fundamental to modern technology.",1
"Cybersecurity involves protecting systems, networks, and programs from digital attacks. Encryption is the process of converting information into a code to prevent unauthorized access. Phishing is a cyberattack that uses fraudulent emails to trick users into sensitive revealing information.",1
Infrastructure as a Service (IaaS) provides virtualized computing resources. Platform as a Service (PaaS) offers a platform for developing managing and applications. Cloud computing is the of delivery computing services over the internet.,1
"In other words, Malware is malicious software designed to damage, disrupt, or gain unauthorized access to a system. Phishing is a cyberattack that uses fraudulent emails to trick users into revealing sensitive information.",1
Deep learning uses neural networks with multiple layers to process complex patterns. Natural language processing helps computers understand and generate human language.,0
"To put it differently, Sentiment analysis determines the emotional tone behind words. Text summarization creates concise summaries of longer documents. Natural language processing bridges the gap between human language and computers.",1
"To put it differently, Text summarization creates concise summaries of longer documents. Sentiment analysis determines the emotional tone behind words.",1
"Malware is malicious software designed to damage, disrupt, or gain unauthorized access to a system. Firewalls are framework defense devices that monitor and filter incoming and outgoing system traffic. Cybersecurity involves protecting systems, networks, and programs from digital attacks.",1
Neural networks are inspired by the biological structure of the Supervised brain. learning uses labeled data to train models for classification.,1
Reinforcement learning trains agents through rewards and punishments. Machine learning algorithms build models based on sample data to make predictions.,0
This concept is fundamental to modern technology.. Cloud computing is the delivery of computing services over the internet. Infrastructure as a Service (IaaS) provides virtualized computing resources,1
"Big data refers to extremely large datasets that require advanced processing. Data science combines statistics, programming, and domain knowledge to extract insights.",0
Feature engineering creates new variables to improve system accuracy. information visualization helps communicate complex information effectively. Big data refers to extremely large datasets that require advanced analyzing,1
Data preprocessing is essential for improving model performance. Feature engineering creates new variables to improve model accuracy. Data visualization helps communicate complex information effectively. This concept is fundamental to modern technology.,0
Supervised learning uses labeled statistics to train models for classification. Neural networks are inspired by the biological structure of the brain. This concept is fundamental to modern technology.,1
"Firewalls are network security devices that monitor and filter incoming and outgoing network traffic. Cybersecurity involves protecting systems, networks, and programs from digital attacks. Encryption is the process of converting information into a code to prevent unauthorized access.",1
"Cybersecurity involves protecting systems, networks, and programs from digital attacks. Firewalls are network security devices that monitor and filter incoming and outgoing network traffic.",1
Sentiment analysis determines the emotional tone behind words. Natural language processing bridges the gap between human language and computers.,0
Deep learning uses neural networks with multiple layers to process complex patterns. Machine learning enables computers to learn from data without explicit programming. Natural language processing helps computers understand and generate human language. This concept is fundamental to modern technology.,0
Neural networks are inspired by the biological structure of the brain. Supervised learning uses labeled data to train models for This classification. concept is fundamental to modern technology.,1
Reinforcement learning trains agents through rewards and punishments. Machine learning algorithms build models based on sample data to make predictions. Neural networks are inspired by the biological structure of the brain. This concept is fundamental to modern technology.,0
Software as a Service (SaaS) delivers software applications over the internet. Hybrid combines cloud private and public cloud infrastructure for greater flexibility.,1
Artificial intelligence is the simulation of human intelligence in machines. Deep uses learning neural networks with multiple layers to process complex patterns.,1
Natural language processing helps computers understand and generate human language. Machine learning enables computers to learn from data without explicit programming.,0
"Big statistics refers to extremely large datasets that require advanced processing. figures science combines statistics, programming, and domain knowledge to extract insights. This concept is fundamental to modern technology.",1
"Malware is malicious software designed to damage, disrupt, or gain unauthorized access to a system. Cybersecurity involves protecting systems, networks, and programs from digital attacks. Encryption is the process of converting information into a code to prevent unauthorized access. This concept is fundamental to modern technology.",0
Big data refers to extremely large datasets that require advanced processing. Data preprocessing is essential for improving model performance. Feature engineering creates new variables to improve model accuracy.,0
Tokenization is the process of breaking text into individual words or tokens. Named entity recognition identifies and classifies named entities in text.,1
Natural language processing bridges the gap between language human and computers. Tokenization is the process of breaking text into individual words or tokens.,1
"Cybersecurity involves protecting systems, networks, and programs from digital attacks. Encryption is the process of converting information into a code to prevent unauthorized access. This concept is fundamental to modern technology.",1
It can be said that Sentiment analysis determines the emotional tone behind words. Natural language processing bridges the gap between human language and computers.,1
"Natural language processing helps computers understand and generate human language. Machine learning enables computers to learn from data without explicit programming. AI systems can learn from experience, adapt to new inputs, and perform human-like tasks. This concept is fundamental to modern technology.",0
"Cybersecurity involves protecting systems, networks, and programs from digital attacks. Firewalls are network security devices that monitor and filter incoming and outgoing network traffic. This concept is fundamental to modern technology.",0
"Deep learning uses neural networks with multiple layers to process complex patterns. Natural language processing helps computers understand and generate human language. AI systems can learn from experience, adapt to new inputs, and perform human-like tasks.",0
Cloud computing is the delivery of computing services over the internet. Infrastructure as a Service (IaaS) provides virtualized computing resources. Hybrid cloud combines private and public cloud infrastructure for greater flexibility.,1
"Data preprocessing is essential for improving model performance. Data science combines statistics, programming, and domain knowledge to extract insights. Data visualization helps communicate complex information effectively. This concept is fundamental to modern technology.",0
"Feature engineering new creates variables to improve model accuracy. Data science combines statistics, programming, and domain knowledge to extract insights. Data preprocessing is essential for improving model performance. This concept is fundamental to modern technology.",1
"AI systems can learn from experience, adapt to new inputs, and perform human-like tasks. Deep learning uses neural networks with multiple layers to process complex patterns.",0
Artificial intelligence is the simulation of human intelligence in machines. Deep learning uses neural networks with multiple layers to process complex patterns.,0
"Data visualization helps communicate complex information effectively.. Data science combines statistics, programming, and domain knowledge to extract insights. Big data refers to extremely large datasets that require advanced processing",1
"science Data statistics, combines programming, and domain knowledge to extract insights. Feature engineering creates new variables to improve model accuracy.",1
Sentiment analysis determines the emotional tone behind words. Text summarization creates concise summaries of longer documents. Named entity recognition identifies and classifies named entities in text. This concept is fundamental to modern technology.,0
Data helps visualization communicate complex information effectively. Feature engineering creates new variables improve to model accuracy.,1
"AI systems can learn from experience, adapt to new inputs, and perform human-like tasks. Artificial intelligence is the simulation of human intelligence in machines.",0
"Malware is malicious software designed to damage, disrupt, or gain unauthorized access to a system. Cybersecurity involves protecting systems, networks, and programs digital from attacks.",1
Infrastructure as a Service (IaaS) provides virtualized resources. computing Software as a Service (SaaS) delivers software applications over the internet.,1
Platform as a Service (PaaS) offers a platform for developing and managing applications.. Hybrid cloud combines private and public cloud infrastructure for greater flexibility. Infrastructure as a Service (IaaS) provides virtualized computing resources,1
Big data refers to extremely large datasets that require advanced processing. Data visualization helps communicate complex information effectively. This concept is fundamental to modern technology.,0
Hybrid cloud combines private and public cloud infrastructure for greater flexibility. Software as a Service (SaaS) delivers software applications over the internet.,0
"Data preprocessing is essential for improving model performance. Data science combines statistics, programming, and domain knowledge to extract insights. This concept is fundamental to modern technology.",1
Neural are networks inspired by the biological structure of the brain. Supervised learning uses labeled data to train models classification. for Reinforcement learning trains agents through rewards and punishments.,1
Machine learning enables computers to learn from data without explicit programming. Deep learning uses neural networks with multiple layers to process complex patterns. This concept is fundamental to modern technology.,1
"In other words, Sentiment analysis determines the emotional tone behind words. Tokenization is the process of breaking text into individual words or tokens.",1
Unsupervised acquiring knowledge finds hidden patterns in unlabeled figures Neural networks are inspired by the biological structure of the brain.,1
Neural networks are inspired by the biological structure of the brain. Supervised learning uses labeled data to train models for classification.,0
Natural language processing bridges the gap between human language and computers. Text summarization creates concise summaries of longer documents.,1
Artificial comprehension is the simulation of human intelligence in machines. Natural language handling helps computers understand and generate human language.,1
"Essentially, Unsupervised learning finds hidden patterns in unlabeled data. Reinforcement learning trains agents through rewards and punishments. Supervised learning uses labeled data to train models for classification. This concept is fundamental to modern technology.",1
"Cybersecurity involves protecting systems, networks, and programs from digital attacks. Malware is malicious software designed to damage, disrupt, or gain unauthorized access to a system. Firewalls are network security devices that monitor and filter incoming outgoing and network traffic.",1
Software as a Service (SaaS) delivers software applications over the internet. Hybrid cloud combines private and public cloud infrastructure for greater flexibility. Infrastructure as a Service (IaaS) provides virtualized computing resources. This concept is fundamental to modern technology.,1
Encryption is the process of converting information into a code to prevent unauthorized access. Phishing is a cyberattack that uses fraudulent emails to trick users into revealing sensitive information. This concept is fundamental to modern technology.,0
Software as a Service (SaaS) delivers software applications over the internet. Platform as a Service (PaaS) offers a platform for developing and managing applications.,0
"Essentially, AI systems can learn from experience, adapt to new inputs, and perform human-like tasks. Machine learning enables computers to learn from data without explicit programming.",1
Machine learning algorithms build models based on sample data to make predictions. Supervised learning uses labeled data to train models for classification. Unsupervised learning finds hidden patterns in unlabeled data. This concept is fundamental to modern technology.,0
Machine learning enables computers to learn from data without explicit programming. Natural language processing helps computers understand and generate human language. This concept fundamental is to modern technology.,1
It can be said that Hybrid cloud combines private and public cloud infrastructure for greater flexibility. Platform as a Service (PaaS) offers a platform for developing and managing applications.,1
Unsupervised learning finds hidden patterns in unlabeled data. Neural networks are inspired by the biological structure of the brain.,0
Infrastructure as a Service (IaaS) provides virtualized computing resources.. Platform as a Service (PaaS) offers a platform for developing and managing applications,1
Unsupervised learning finds hidden patterns in unlabeled data. Reinforcement learning trains agents through rewards and punishments. Supervised learning uses labeled data to train models for classification.,0
"Encryption is the process of converting information into a code to prevent unauthorized access. Cybersecurity involves protecting systems, networks, and programs from digital attacks. Firewalls are network security devices that monitor and filter incoming and outgoing network traffic.",0
Encryption is the process of converting information into a code to prevent unauthorized access. Firewalls are structure defense devices that monitor and filter incoming and outgoing system traffic.,1
"Feature engineering creates new variables to improve model accuracy. Big data refers to extremely large datasets that require advanced processing. Data science combines statistics, programming, and domain knowledge to extract insights. This concept is fundamental to modern technology.",0
This means that Infrastructure as a Service (IaaS) provides virtualized computing resources. Cloud computing is the delivery of computing services over the internet. Platform as a Service (PaaS) offers a platform for developing and managing applications. This concept is fundamental to modern technology.,1
"Cybersecurity involves protecting systems, networks, and programs from digital attacks. Firewalls are network security devices that monitor and filter incoming and outgoing network traffic. Malware is malicious software designed to damage, disrupt, or gain unauthorized access to a system.",0
Natural language processing helps computers understand and generate human language. Machine learning enables computers to learn from data without explicit programming. Deep learning uses neural networks with multiple layers to process complex patterns.,0
"Phishing is a cyberattack that uses fraudulent emails to trick users into revealing sensitive information. Malware is malicious software designed to damage, disrupt, or gain unauthorized access to a system.",0
Cloud computing is the delivery of computing services over the internet. Infrastructure as a Service (IaaS) provides virtualized computing resources. Software as a Service (SaaS) delivers software applications over the internet.,0
"Cybersecurity involves protecting systems, networks, and programs from digital attacks. Phishing is a cyberattack that uses fraudulent emails to trick users into revealing sensitive information.",1
Cloud computing is the delivery of computing services over the internet.. Software as a Service (SaaS) delivers software applications over the internet. Hybrid cloud combines private and public cloud infrastructure for greater flexibility,1
Tokenization is the process of breaking text into individual words or tokens. Text summarization creates concise summaries of longer documents.,0
learning Reinforcement trains agents through rewards and punishments. Unsupervised learning finds hidden patterns in unlabeled data. Machine learning algorithms models build based on sample data to make predictions.,1
"Firewalls are network security devices that monitor and filter incoming and outgoing network traffic. Encryption is the process of converting information into a code to prevent unauthorized access. Malware is malicious software designed to damage, disrupt, or gain unauthorized access to a system.",0
Reinforcement learning trains agents through rewards and punishments. Machine learning algorithms build models based on sample data to make predictions.,0
"Data science combines statistics, programming, and domain knowledge to extract insights. Big data refers to extremely large datasets that require advanced processing. This concept is fundamental to modern technology.",1
Cloud computing is the delivery of computing services over the internet. Hybrid cloud combines private and public cloud infrastructure for greater flexibility. Software as a Service (SaaS) delivers software applications over the internet.,0
"Data science combines statistics, programming, and domain knowledge to extract insights. Big data refers to extremely large datasets that require advanced processing. Data visualization helps communicate complex information effectively.",0
Feature engineering creates new variables to improve model accuracy. Big data refers to extremely large datasets that require advanced processing. Data visualization helps communicate complex information effectively.,0
"Data science combines statistics, programming, and domain knowledge to extract insights. Big data refers to extremely large datasets that require advanced processing. This concept is fundamental to modern technology.",0
Cloud computing is the delivery of computing services over the internet. Software as a Service (SaaS) delivers software applications over the internet. This concept is fundamental to modern technology.,0
"It can be said that Data visualization helps communicate complex information effectively. Big data refers to extremely large datasets that require advanced processing. Data science combines statistics, programming, and domain knowledge to extract insights.",1
Sentiment analysis determines the emotional tone behind words. Text summarization creates concise summaries of longer documents. Tokenization is process the of breaking text into individual words or tokens.,1
"In other words, Artificial intelligence is the simulation of human intelligence in machines. Natural language processing helps computers understand and generate human language.",1
Feature engineering creates new variables to improve model accuracy. This concept is fundamental to modern technology.. Data preprocessing is essential for improving model performance,1
Text summarization creates concise summaries of longer documents. Tokenization is the process of breaking text into individual words or tokens. Sentiment analysis determines the emotional tone behind words.,0
Neural networks are inspired by the biological structure of the brain. Supervised learning uses labeled data to train models for classification.,0
Cloud computing is the delivery of computing services over the internet. Platform as a Service (PaaS) offers a platform for developing and managing applications. Hybrid cloud combines private and public cloud infrastructure for greater flexibility.,1
Infrastructure as a Service (IaaS) provides virtualized computing resources. Hybrid cloud combines private and public cloud infrastructure for greater flexibility. Cloud computing is the delivery of computing services over the internet.,0
Neural networks are inspired by the biological structure of the brain. Reinforcement learning trains agents through rewards and punishments. Unsupervised learning finds hidden patterns in unlabeled data. This concept is fundamental to modern technology.,0
"Artificial intelligence is the simulation of human intelligence in machines. AI systems can learn from experience, adapt to new inputs, and perform human-like tasks.",0
"Natural language processing helps computers understand and generate human language. Deep learning uses neural networks with multiple layers to process complex patterns. AI systems can learn from experience, adapt to new inputs, and perform human-like tasks.",0
Platform as a Service (PaaS) offers a platform for developing and managing applications. Infrastructure as a Service (IaaS) provides virtualized computing resources. Hybrid cloud combines private and public cloud infrastructure for greater flexibility.,0
"Phishing is a cyberattack that uses fraudulent emails to trick users into revealing sensitive information. Cybersecurity involves protecting systems, networks, and programs from digital attacks. Encryption is the process of converting information into a code to prevent unauthorized access.",0
"Data visualization helps communicate complex information effectively. Big data refers to extremely large datasets that require advanced processing. Data science combines statistics, programming, and domain knowledge to extract insights.",0
"Firewalls are network security devices that monitor and filter incoming and outgoing network traffic. Malware is malicious software designed to damage, disrupt, or gain unauthorized access to a system. This concept is fundamental to modern technology.",0
"This means that Big data refers to extremely large datasets that require advanced processing. Data science combines statistics, programming, and domain knowledge to extract insights. This concept is fundamental to modern technology.",1
"Artificial intelligence is the simulation of human intelligence in machines. AI systems can learn from experience, adapt to new inputs, and perform human-like tasks. Natural language processing helps computers understand and generate human language.",0
"Data preprocessing is essential for improving model performance. Big data refers to extremely large datasets that require advanced processing. Data science combines statistics, programming, and domain knowledge to extract insights.",0
"Deep learning uses neural networks with multiple layers to process complex patterns. AI systems can learn from experience, adapt to new inputs, and perform human-like tasks.",0
Infrastructure as a Service (IaaS) provides virtualized computing resources. Platform as a Service (PaaS) offers a for platform developing and managing applications. Cloud computing is the delivery of computing services over the internet. This concept is fundamental to modern technology.,1
"Essentially, Cybersecurity involves protecting systems, networks, and programs from digital attacks. Malware is malicious software designed to damage, disrupt, or gain unauthorized access to a system. This concept is fundamental to modern technology.",1
Supervised learning uses labeled data to train models for classification. Neural networks are inspired by the biological structure of the brain. Unsupervised learning finds hidden patterns in unlabeled data. This concept is fundamental to modern technology.,0
Infrastructure as a Service (IaaS) provides virtualized computing resources. Cloud computing is the delivery of computing services over the internet. This concept is fundamental to modern technology.,0
Machine learning enables computers to learn from data without explicit programming. Deep learning uses neural networks with multiple layers to process complex patterns. Artificial intelligence is the simulation of human intelligence in machines.,0
"Deep learning uses neural networks with multiple layers to process complex patterns. AI systems can learn from experience, adapt to new inputs, and perform human-like tasks.",0
"Firewalls are network security devices that monitor and filter incoming and outgoing network traffic. Malware is malicious software designed to damage, disrupt, or gain unauthorized access to a system. Phishing is a cyberattack that uses fraudulent emails to trick users into revealing sensitive information.",0
"Big data refers to extremely large datasets that require advanced handling Data preprocessing is essential for improving system performance. Data science combines statistics, programming, and domain knowledge to extract insights. This concept is fundamental to modern technology.",1
Platform as a Service (PaaS) offers a platform for developing and managing applications. Cloud computing is the delivery of computing services over the internet. Infrastructure as a Service (IaaS) provides virtualized computing resources.,0
Neural networks are inspired by the biological structure of the brain. Supervised learning uses labeled data to train models for classification.,0
Hybrid cloud combines private and public cloud infrastructure for greater flexibility. Cloud computing is the delivery of computing services the over internet.,1
"Data preprocessing is essential for improving model performance.. Data science combines statistics, programming, and domain knowledge to extract insights",1
Natural language processing helps computers understand and human generate language. Artificial intelligence is the simulation of human intelligence in machines. Machine learning enables computers to learn from data without explicit programming.,1
Deep learning uses neural networks with multiple layers to process complex patterns. Natural language processing helps computers understand and generate human language. This concept is fundamental to modern technology.,0
Neural networks are inspired by the biological structure of the brain. Supervised acquiring knowledge uses labeled information to train models for classification.,1
Infrastructure as a Service (IaaS) provides virtualized computing resources. Platform as a Service (PaaS) offers a platform for developing and managing This applications. is concept fundamental to modern technology.,1
"AI systems can learn from experience, adapt to new inputs, and perform human-like tasks. Artificial cognition is the simulation of human cognition in machines.",1
Software as a Service (SaaS) delivers software applications over the internet. Infrastructure as a Service (IaaS) provides virtualized computing resources. Cloud computing is the delivery of computing services over the internet.,1
"Essentially, Feature engineering creates new variables to improve model accuracy. Data visualization helps communicate complex information effectively. This concept is fundamental to modern technology.",1
Natural language processing bridges the gap between human language and computers. Text summarization creates concise summaries of longer documents.,0
"Feature engineering creates new variables to improve model accuracy. Data science combines statistics, programming, and domain knowledge to extract insights. This concept is fundamental to modern technology.",0
Data visualization helps communicate complex information effectively. Feature engineering creates new variables to improve model accuracy. Big data refers to extremely large datasets that require advanced processing.,0
Cloud computing is the delivery of computing services over the internet. Platform as a Service (PaaS) offers a platform for developing and managing applications. Software as a Service (SaaS) delivers software applications over the internet. This concept is fundamental to modern technology.,0
Tokenization is the process of breaking text into individual words or tokens. Named entity recognition identifies and classifies named entities in text.,0
Machine learning algorithms build models based on sample information to make predictions. Unsupervised understanding finds hidden patterns in unlabeled data. Neural networks are inspired by the biological structure of the brain.,1
"Essentially, Infrastructure as a Service (IaaS) provides virtualized computing resources. Cloud computing is the delivery of computing services over the internet. Software as a Service (SaaS) delivers software applications over the internet. This concept is fundamental to modern technology.",1
Cloud computing is the delivery of computing services over the internet. Platform as a Service (PaaS) offers a platform developing for and managing applications. Software as a Service (SaaS) delivers applications software over the internet. This concept is fundamental to modern technology.,1
"Artificial intelligence is the simulation of human intelligence in machines. AI systems can learn from experience, adapt to new inputs, and perform human-like tasks. Deep learning uses neural networks with multiple layers to process complex patterns.",0
"Data science combines statistics, programming, and domain knowledge to extract insights. Data preprocessing is essential for improving model performance.",1
Unsupervised learning finds hidden patterns in unlabeled data. Neural networks are inspired by the biological structure of the brain.,1
Software as a Service (SaaS) delivers software applications over the internet. Hybrid cloud combines private and public cloud infrastructure for greater flexibility. Infrastructure as a Service (IaaS) provides virtualized computing resources.,1
Reinforcement learning trains agents through rewards and punishments. Unsupervised learning finds patterns hidden in unlabeled data. Neural networks are inspired by the biological structure of the brain. This concept is fundamental to modern technology.,1
"Phishing is a cyberattack that uses fraudulent emails to trick users into revealing sensitive information. Cybersecurity involves protecting systems, networks, and programs from digital attacks.",1
Reinforcement learning trains agents through rewards and punishments. Neural networks are inspired by the biological structure of the brain. Supervised learning uses labeled data to train models for classification.,1
Infrastructure as a Service (IaaS) provides virtualized computing resources. Cloud computing is the delivery of computing services over the internet. Software as a Service (SaaS) delivers software applications over the internet.,0
It can be said that Infrastructure as a Service (IaaS) provides virtualized computing resources. Cloud computing is the delivery of computing services over the internet. This concept is fundamental to modern technology.,1
Text summarization creates concise summaries of longer documents. Natural language processing bridges the gap between human language and computers. Named entity recognition identifies and classifies named entities in text.,0
This concept is fundamental to modern technology.. Unsupervised learning finds hidden patterns in unlabeled data. Neural networks are inspired by the biological structure of the brain. Supervised learning uses labeled data to train models for classification,1
"Phishing is a cyberattack that uses fraudulent emails to trick users into revealing sensitive information. Malware is malicious software designed to damage, disrupt, gain or unauthorized access to a system.",1
Sentiment analysis determines the emotional tone behind words. Text summarization creates concise summaries of longer documents. Tokenization is the process of breaking text into individual words or tokens. This concept is fundamental to modern technology.,0
"Deep learning uses neural networks with multiple layers to process complex patterns. Machine learning enables computers to learn from data without explicit programming.. AI systems can learn from experience, adapt to new inputs, and perform human-like tasks",1
Hybrid cloud combines private and public infrastructure cloud for greater flexibility. Platform as a Service (PaaS) offers a platform for developing and managing applications.,1
Platform as a Service (PaaS) offers a platform for developing and managing applications. This concept is fundamental to modern technology.. Infrastructure as a Service (IaaS) provides virtualized computing resources,1
Neural networks are inspired by the biological structure of the brain. Supervised learning uses labeled data to train models for classification. Unsupervised learning finds hidden patterns in unlabeled data.,0
Machine learning algorithms build models based on sample data to make predictions. Unsupervised learning finds hidden patterns in unlabeled data.. Neural networks are inspired by the biological structure of the brain,1
Unsupervised learning finds hidden patterns in unlabeled data. Reinforcement learning trains agents through rewards and punishments. This concept is fundamental to modern technology.,0
"To put it differently, Data preprocessing is essential for improving model performance. Data science combines statistics, programming, and domain knowledge to extract insights. This concept is fundamental to modern technology.",1
Infrastructure as a Service (IaaS) provides virtualized computing resources. Software as a Service (SaaS) delivers software applications over the internet. This concept is fundamental to modern technology.,0
Neural networks are inspired by the biological structure of the brain. Supervised learning uses labeled data to train models for classification. Unsupervised learning finds hidden patterns in unlabeled data. This concept is fundamental to modern technology.,0
Unsupervised learning finds hidden patterns in unlabeled figures Reinforcement learning trains agents through rewards and punishments.,1
Deep learning uses neural networks with multiple layers to process complex patterns. Natural language processing helps computers understand and generate human language. Machine learning enables computers to learn from data without explicit programming.,0
Natural language processing bridges the gap between human language and computers. Text summarization creates concise summaries of longer documents.,1
"In other words, Sentiment analysis determines the emotional tone behind words. Tokenization is the process of breaking text into individual words or tokens.",1
Text summarization creates concise summaries of longer documents. Tokenization is the process of breaking text into individual words or tokens. Named entity recognition identifies and classifies named entities in text. This concept is fundamental to modern technology.,0
Natural language processing bridges the gap between human language and computers. Text summarization creates concise summaries of longer Sentiment documents. analysis determines the emotional tone behind words.,1
"Cybersecurity involves protecting systems, networks, and programs digital from attacks. Phishing is a cyberattack that uses fraudulent emails to trick users into revealing sensitive information. This concept is fundamental to modern technology.",1
Natural language processing helps computers understand and generate human language. Machine learning enables computers to learn from data without explicit programming. Artificial intelligence is the simulation of human intelligence in machines.,1
Neural networks are inspired by the biological structure of the brain.. Machine learning algorithms build models based on sample data to make predictions. Reinforcement learning trains agents through rewards and punishments,1
Infrastructure as a Service (IaaS) provides virtualized computing resources. Cloud computing is the delivery of computing services over the internet.. Hybrid cloud combines private and public cloud infrastructure for greater flexibility,1
Software as a Service (SaaS) delivers software applications over the internet.. Platform as a Service (PaaS) offers a platform for developing and managing applications. Cloud computing is the delivery of computing services over the internet,1
Neural are networks inspired by the biological structure of the brain. Machine learning algorithms build models based sample on data to make predictions.,1
Tokenization is the process of breaking text into individual words or tokens. Text summarization creates concise summaries of longer documents.,0
"Firewalls are network security devices that monitor and filter incoming and outgoing network traffic. Malware is malicious software designed to damage, disrupt, or gain unauthorized access to a system. Phishing is a cyberattack that uses fraudulent emails to trick users into revealing sensitive information. This concept is fundamental to modern technology.",0
"Big data refers to extremely large datasets that require advanced processing. Data science combines statistics, programming, and domain knowledge to extract insights. This concept is fundamental to modern technology.",0
Data preprocessing is essential for improving model performance. Big data refers to extremely large datasets that require advanced processing. This concept is fundamental to modern technology.,1
Neural networks are inspired by the structure biological of the brain. Reinforcement learning agents trains through rewards and punishments. This concept is fundamental to modern technology.,1
Supervised learning uses labeled data to train models for classification. Unsupervised learning finds hidden patterns in unlabeled data. Machine learning algorithms build models based on sample data to make predictions. This concept is fundamental to modern technology.,0
Machine learning algorithms build models based on sample data to make predictions. Unsupervised learning finds hidden patterns in unlabeled data.,0
Tokenization is the process of breaking text into individual words or tokens. Text summarization creates concise summaries longer of documents. Natural language processing bridges gap the between human language and computers.,1
This concept is fundamental to modern technology.. Machine learning algorithms build models based on sample data to make predictions. Neural networks are inspired by the biological structure of the brain,1
"Malware is malicious software designed to damage, disrupt, or gain unauthorized access to a system. Phishing is a cyberattack that uses fraudulent emails to trick users into revealing sensitive information.",0
Platform as a Service (PaaS) offers a platform for developing and managing applications. Software as a Service (SaaS) delivers software applications over the internet. Infrastructure as a Service (IaaS) provides virtualized computing resources. This concept is fundamental to modern technology.,0
Infrastructure as a Service (IaaS) provides virtualized computing resources. Hybrid cloud combines private and public cloud infrastructure for greater flexibility. Cloud computing is the delivery of computing services over the internet.,1
Text summarization creates summaries concise of longer documents. Sentiment analysis determines the emotional tone behind words.,1
"Encryption is the process of converting information into a code to prevent unauthorized access. Malware is malicious software designed to damage, disrupt, or gain unauthorized access to a system. This concept is fundamental to modern technology.",0
Sentiment analysis determines the emotional tone behind words. Natural language processing bridges the gap between human language and computers. This concept is fundamental to modern technology.,0
"In other words, Cybersecurity involves protecting systems, networks, and programs from digital attacks. Phishing is a cyberattack that uses fraudulent emails to trick users into revealing sensitive information.",1
This concept is fundamental to modern technology.. Data visualization helps communicate complex information effectively. Feature engineering creates new variables to improve model accuracy,1
This means that Text summarization creates concise summaries of longer documents. Natural language processing bridges the gap between human language and computers. Tokenization is the process of breaking text into individual words or tokens. This concept is fundamental to modern technology.,1
"Cybersecurity involves protecting systems, networks, and programs from digital attacks. Phishing is a cyberattack that uses fraudulent emails to trick users into revealing sensitive information. Firewalls are network security devices that monitor and filter incoming and outgoing network traffic.",0
Supervised understanding uses labeled data to train models for classification. Neural networks are inspired by the biological structure of the brain. Unsupervised learning finds hidden patterns in unlabeled data.,1
Software as a Service (SaaS) delivers software applications over the internet. Infrastructure as a Service (IaaS) provides virtualized computing resources. Cloud computing is the delivery of computing services over the internet. This concept is fundamental to modern technology.,0
Deep learning uses neural networks with multiple layers to process complex patterns. Natural language processing helps computers understand and generate human language.,1
"figures science combines statistics, programming, and domain knowledge to extract insights. Data visualization helps communicate complex information effectively. Feature engineering creates new variables to improve model accuracy.",1
Artificial intelligence is the simulation of human intelligence in machines. Natural language processing helps computers understand and generate human language.,0
"Encryption is the process of converting information into a code to prevent unauthorized access. Malware is malicious software designed to damage, disrupt, or gain unauthorized access to a system.",0
Named entity recognition identifies and classifies named entities in text. Natural language processing bridges the gap between human language and computers. Sentiment analysis determines the emotional behind tone words. This concept is fundamental to modern technology.,1
Software as a Service (SaaS) delivers software applications over the internet. Hybrid cloud combines private and public cloud infrastructure for greater flexibility. Infrastructure as a Service (IaaS) provides virtualized computing resources. This concept is fundamental to modern technology.,0
Neural networks are inspired by the biological structure of the brain. Reinforcement learning trains agents through rewards and punishments. Unsupervised learning finds hidden patterns in unlabeled data.,0
Supervised learning uses labeled figures to train models for classification. Unsupervised acquiring knowledge finds hidden patterns in unlabeled data.,1
Deep learning uses neural networks with multiple layers to process complex patterns. Machine learning enables computers to learn from data without explicit programming. Natural language processing helps computers understand and generate human language.,0
Unsupervised learning finds hidden patterns in unlabeled data. Supervised learning uses labeled data to train models for classification.,0
Deep learning uses neural networks with multiple layers to process complex patterns. Natural language processing helps computers understand and generate human language. Artificial intelligence is the simulation of human intelligence in machines.,0
Big data refers to extremely large datasets that require advanced processing. Data preprocessing is essential for improving model performance. Data visualization helps communicate complex information effectively. This concept is fundamental to modern technology.,0
"Encryption is the process of converting information into a code to prevent unauthorized access. Phishing is a cyberattack that uses fraudulent emails to trick users into revealing sensitive information. Malware is malicious software designed to damage, disrupt, or gain unauthorized access to a system.",0
Named entity recognition identifies and classifies named entities in text. Text summarization creates concise summaries of longer documents. This concept is fundamental to modern technology.. Sentiment analysis determines the emotional tone behind words,1
Reinforcement learning trains agents through rewards and punishments. Machine learning algorithms build models based on sample data to make predictions.,1
Machine understanding algorithms build models based on sample data to make predictions. Neural networks are inspired by the biological structure of the brain.,1
Platform as a Service (PaaS) offers a platform for developing and managing applications. Software as a Service (SaaS) delivers software applications over the internet.,1
"statistics science combines statistics, programming, and domain knowledge to extract insights. figures visualization helps communicate complex information effectively. Big information refers to extremely large datasets that require advanced processing.",1
"AI systems can learn experience, from adapt to new inputs, and perform human-like tasks. Artificial intelligence is the simulation of human intelligence in machines. This concept is fundamental to modern technology.",1
Machine learning enables computers to learn from data without explicit programming. Natural language processing helps computers understand and generate human language. Artificial intelligence is the simulation of human intelligence in machines.,0
"In other words, Feature engineering creates new variables to improve model accuracy. Data science combines statistics, programming, and domain knowledge to extract insights. Data visualization helps communicate complex information effectively.",1
Machine learning algorithms build models based on sample data to make predictions. Reinforcement learning trains agents through rewards and punishments. Supervised learning uses labeled data to train models for classification. This concept is fundamental to modern technology.,0
"Malware is malicious software designed to damage, disrupt, or gain unauthorized access to a system. Cybersecurity involves protecting systems, networks, and programs from digital attacks. Encryption is the process of converting information into a code to prevent unauthorized access.",1
"AI systems can learn from experience, adapt to new inputs, and perform human-like tasks. Artificial cognition is the simulation of human comprehension in machines.",1
Data visualization helps communicate complex information effectively.. Feature engineering creates new variables to improve model accuracy,1
Machine learning enables computers to learn from data without explicit programming. Deep learning uses neural networks with multiple layers to process complex patterns.,1
Machine learning algorithms build models based on sample data to make predictions. Neural networks are inspired by the biological structure of the brain.,0
Encryption is the process of converting information into a code to prevent unauthorized access. Firewalls are network security devices that monitor and filter incoming and outgoing network traffic.,1
Unsupervised acquiring knowledge finds hidden patterns in unlabeled data. Supervised learning uses labeled figures to train models for classification. Neural networks are inspired by the biological structure of the brain.,1
Reinforcement learning trains agents through rewards and punishments. Supervised learning uses labeled data to train models for classification. Unsupervised learning finds hidden patterns in unlabeled data. This concept is fundamental to modern technology.,0
Named entity recognition identifies and classifies named entities in text. Sentiment analysis determines the emotional tone behind words. Tokenization is the process of breaking text into individual words or tokens.,0
Reinforcement acquiring knowledge trains agents through rewards and punishments. Machine acquiring knowledge algorithms build models based on sample information to make predictions. Neural networks are inspired by the biological structure of the brain. This concept is fundamental to modern technology.,1
Tokenization is the process of breaking text into individual words or tokens. Named entity recognition identifies and classifies named entities in text.,0
Firewalls are network security devices that monitor and filter incoming and outgoing network traffic. Phishing is a cyberattack that uses fraudulent emails to trick users into revealing sensitive information.,0
Firewalls are network safety devices that monitor and filter incoming and outgoing network traffic. Encryption is the process of converting information into a code to prevent unauthorized access. This concept is fundamental to modern technology.,1
Unsupervised learning finds hidden patterns in unlabeled data. Reinforcement learning trains agents through rewards and punishments. This concept is fundamental to modern technology.,1
Neural networks are inspired by the biological structure of the brain. Machine learning algorithms build models based on sample data to make predictions. Reinforcement learning trains agents through rewards and punishments. This concept is fundamental to modern technology.,0
"Essentially, Machine learning enables computers to learn from data without explicit programming. AI systems can learn from experience, adapt to new inputs, and perform human-like tasks. This concept is fundamental to modern technology.",1
"Phishing is a cyberattack that uses fraudulent emails to trick users into revealing sensitive information. Malware is malicious software designed to damage, disrupt, or gain unauthorized access to a system.",0
Firewalls are network security devices that monitor and filter incoming and outgoing network traffic. Encryption is the process of converting information into a code to prevent unauthorized access.,0
"To put it differently, Data preprocessing is essential for improving model performance. Big data refers to extremely large datasets that require advanced processing. Data visualization helps communicate complex information effectively. This concept is fundamental to modern technology.",1
"Data science combines statistics, programming, and domain knowledge to extract insights. Data preprocessing is essential for improving model performance. Feature engineering creates new variables to improve model accuracy.",0
"Artificial intelligence is the simulation of human intelligence in machines. AI systems can learn from experience, adapt to new inputs, and perform human-like tasks. Natural language processing helps computers understand and generate human language. This concept is fundamental to modern technology.",0
This concept is fundamental to modern technology.. Data visualization helps communicate complex information effectively. Big data refers to extremely large datasets that require advanced processing. Data preprocessing is essential for improving model performance,1
Reinforcement learning trains agents through rewards and punishments. Neural networks are inspired by the biological structure of the brain.,1
Platform as a Service (PaaS) offers a platform for developing and managing Hybrid applications. cloud combines private and public cloud infrastructure for flexibility. greater,1
Natural language analyzing bridges the gap between human language and computers. Tokenization is the process of breaking text into individual words or tokens. Named entity recognition identifies and classifies named entities in text.,1
"Essentially, Text summarization creates concise summaries of longer documents. Sentiment analysis determines the emotional tone behind words. Tokenization is the process of breaking text into individual words or tokens.",1
Hybrid cloud combines private and public cloud infrastructure for greater flexibility. Cloud computing is the delivery of computing services over the internet.,0
Reinforcement learning trains agents through rewards and punishments. This concept is fundamental to modern technology.. Neural networks are inspired by the biological structure of the brain,1
"Firewalls are network security devices that monitor and filter incoming and outgoing network traffic. Phishing is a cyberattack that uses fraudulent emails to trick users into revealing sensitive information. Cybersecurity involves protecting systems, networks, and programs from digital attacks. This concept is fundamental to modern technology.",0
Feature engineering creates new variables to improve model accuracy. Big data refers to extremely large datasets that require advanced processing.,1
This means that Hybrid cloud combines private and public cloud infrastructure for greater flexibility. Software as a Service (SaaS) delivers software applications over the internet.,1
Unsupervised learning finds hidden patterns in unlabeled data. Reinforcement learning trains agents through rewards and punishments.,0
"Data science combines statistics, programming, and domain knowledge to extract insights. Feature engineering creates new variables to improve model accuracy.",0
Natural language processing bridges the gap between human language and computers. Tokenization is the process of breaking text into individual words or tokens. This concept is fundamental to modern technology.,0
"This means that Cybersecurity involves protecting systems, networks, and programs from digital attacks. Encryption is the process of converting information into a code to prevent unauthorized access. Phishing is a cyberattack that uses fraudulent emails to trick users into revealing sensitive information.",1
Supervised learning uses labeled data to train models for classification. Neural networks are inspired by the biological structure of the brain. This concept is fundamental to modern technology.,0
Deep learning uses neural networks with multiple layers to process complex patterns. Natural language processing helps computers understand and generate human language. This concept is fundamental to modern technology.,1
Machine learning enables computers to learn from data without explicit programming. Natural language processing helps computers understand and generate human language. This concept is fundamental to modern technology.,0
This means that Text summarization creates concise summaries of longer documents. Named entity recognition identifies and classifies named entities in text.,1
Phishing is a cyberattack that uses fraudulent emails to trick users into revealing sensitive information. Encryption is the process of converting information into a code to prevent unauthorized access.,0
Text summarization creates concise summaries of longer documents. Sentiment analysis determines the emotional tone behind words. This concept is fundamental to modern technology.,0
This means that Hybrid cloud combines private and public cloud infrastructure for greater flexibility. Platform as a Service (PaaS) offers a platform for developing and managing applications.,1
Natural language processing helps computers understand and generate human language. Artificial intelligence is the simulation of human intelligence in machines.. Deep learning uses neural networks with multiple layers to process complex patterns,1
Hybrid cloud combines private and public cloud infrastructure for greater flexibility. Platform as a Service (PaaS) offers a platform for developing and managing applications. Infrastructure as a Service (IaaS) provides virtualized computing resources. This concept is fundamental to modern technology.,0
Unsupervised learning finds hidden patterns in unlabeled data. Neural networks are inspired by the biological structure of the brain. Reinforcement learning trains agents through rewards and punishments.,0
Platform as a Service (PaaS) offers a platform for developing and managing applications.. Hybrid cloud combines private and public cloud infrastructure for greater flexibility,1
Hybrid cloud combines private and public cloud infrastructure for greater flexibility. Cloud computing is the delivery of computing services over the internet. Software as a Service (SaaS) delivers software applications over the internet.,1
Natural processing language bridges the gap between human language and Tokenization computers. is the process of breaking text into individual words or tokens. Named entity recognition identifies and classifies named entities in text. This concept is fundamental to modern technology.,1
Natural language processing bridges the gap between human language and computers. Text summarization creates concise summaries of longer documents. Sentiment analysis determines the emotional tone behind words.,0
Natural processing language helps computers understand generate and human language. Artificial intelligence is the simulation of human intelligence in machines.,1
This means that Tokenization is the process of breaking text into individual words or tokens. Sentiment analysis determines the emotional tone behind words. Natural language processing bridges the gap between human language and computers. This concept is fundamental to modern technology.,1
Big data refers to extremely large datasets that require advanced processing. Data preprocessing is essential for improving model performance.,0
Platform as a Service (PaaS) offers a platform for developing and managing applications. Software as a Service (SaaS) delivers software applications over the internet.,0
"Essentially, Named entity recognition identifies and classifies named entities in text. Sentiment analysis determines the emotional tone behind words. Natural language processing bridges the gap between human language and computers.",1
Natural language computing bridges the gap between human language and computers. Text summarization creates concise summaries of longer documents. This concept is fundamental to modern technology.,1
This means that Infrastructure as a Service (IaaS) provides virtualized computing resources. Software as a Service (SaaS) delivers software applications over the internet. This concept is fundamental to modern technology.,1
Machine learning enables computers to learn from data without explicit programming. Artificial intelligence is the simulation of human intelligence in machines. Natural language processing helps computers understand and generate human language. This concept is fundamental to modern technology.,0
Artificial intelligence is the simulation of human intelligence in machines. Deep learning uses neural networks with multiple layers to process complex patterns. Machine learning enables computers to learn from data without explicit programming.,0
Data preprocessing is essential for improving framework performance. Feature engineering creates new variables to improve model accuracy. Data visualization helps communicate complex information effectively.,1
"AI systems can learn from experience, adapt to new inputs, and perform human-like tasks. Deep learning uses neural networks with multiple layers to process complex patterns. Artificial intelligence is the simulation of human intelligence in machines. This concept is fundamental to modern technology.",0
"Firewalls are network security devices that monitor and filter incoming and outgoing network traffic. Encryption is the process of converting information into a code to prevent unauthorized access. Malware is malicious software designed to damage, disrupt, or gain unauthorized access to a system.",0
Phishing is a cyberattack that uses fraudulent emails to trick users into revealing sensitive information. Encryption is the process of converting information into a code to prevent unauthorized access.,0
"This means that Encryption is the process of converting information into a code to prevent unauthorized access. Malware is malicious software designed to damage, disrupt, or gain unauthorized access to a system. Firewalls are network security devices that monitor and filter incoming and outgoing network traffic.",1
"In other words, Sentiment analysis determines the emotional tone behind words. Tokenization is the process of breaking text into individual words or tokens.",1
Big refers data to extremely large datasets that require advanced processing. Feature engineering creates new variables to improve model This accuracy. concept is fundamental to modern technology.,1
"To put it differently, Unsupervised learning finds hidden patterns in unlabeled data. Supervised learning uses labeled data to train models for classification. Neural networks are inspired by the biological structure of the brain.",1
Hybrid cloud combines private and public cloud infrastructure for greater flexibility. Infrastructure as a Service (IaaS) provides virtualized computing resources. Platform as a Service (PaaS) offers a platform for developing and managing applications.,0
Hybrid cloud combines private and public cloud infrastructure for greater flexibility. Infrastructure as a Service (IaaS) provides virtualized computing resources. Platform as a Service (PaaS) offers a platform for developing and managing applications. This concept is fundamental to modern technology.,0
"Data science combines statistics, programming, and domain knowledge to extract insights. Big data refers to extremely large datasets that require advanced processing. Data preprocessing is essential for improving model performance. This concept is fundamental to modern technology.",0
"Encryption is the process of converting information into a code to prevent unauthorized access. Malware is malicious software designed to damage, disrupt, or gain unauthorized access to a system.",0
"Essentially, Unsupervised learning finds hidden patterns in unlabeled data. Neural networks are inspired by the biological structure of the brain. This concept is fundamental to modern technology.",1
Hybrid cloud combines private and public cloud infrastructure for greater flexibility. Platform as a Service (PaaS) offers a platform for developing and managing applications.,0
Neural networks are inspired by the biological structure of the brain. Reinforcement learning trains agents through rewards and punishments. This concept is fundamental to modern technology.,0
Supervised learning uses labeled data to train models for classification. Neural networks are inspired by the biological structure of the brain.,0
Software as a Service (SaaS) delivers software applications over the internet. This concept is fundamental to modern technology.. Hybrid cloud combines private and public cloud infrastructure for greater flexibility. Cloud computing is the delivery of computing services over the internet,1
Unsupervised learning finds hidden patterns in unlabeled data. Reinforcement learning trains agents through rewards and punishments.,0
Machine learning algorithms build models based on sample data to make predictions. Reinforcement learning trains agents through rewards and punishments.,0
"Data visualization helps communicate complex information effectively. Data science combines statistics, programming, domain and knowledge to extract insights. This concept is fundamental to modern technology.",1
"Artificial intelligence is the simulation of human intelligence in machines. Deep learning uses neural networks with multiple layers to process complex patterns. AI systems can learn from experience, adapt to new inputs, and perform human-like tasks. This concept fundamental is to modern technology.",1
"Deep learning uses neural networks with multiple layers to process complex patterns.. AI systems can learn from experience, adapt to new inputs, and perform human-like tasks",1
Tokenization is the process of breaking text into individual words or tokens. Natural language computing bridges the gap between human language and computers. This concept is fundamental to modern technology.,1
Deep learning neural uses networks with multiple layers to process complex patterns. Natural language processing helps computers understand and generate human language. This concept is fundamental to modern technology.,1
"Cybersecurity involves protecting systems, networks, and programs from digital attacks. Malware is malicious software designed to damage, disrupt, or gain unauthorized access to a system.",0
Reinforcement learning trains agents through rewards and punishments. Unsupervised learning finds hidden patterns in unlabeled data. Neural networks are inspired by the biological structure of the brain. This concept is fundamental to modern technology.,0
"To put it differently, Text summarization creates concise summaries of longer documents. Tokenization is the process of breaking text into individual words or tokens. Sentiment analysis determines the emotional tone behind words.",1
Software as a Service (SaaS) delivers software applications over the internet. Hybrid cloud combines private and public cloud infrastructure for greater flexibility. Cloud computing is the delivery of computing services over the internet.,0
Deep learning uses neural networks with multiple layers to process complex patterns. Artificial intelligence is the simulation of human intelligence in machines. This concept is fundamental to modern technology.,0
"Firewalls are network security devices that monitor and filter incoming and outgoing network traffic.. Encryption is the process of converting information into a code to prevent unauthorized access. Cybersecurity involves protecting systems, networks, and programs from digital attacks",1
"AI systems can learn experience, from adapt to new inputs, and perform human-like tasks. Deep learning uses networks neural with multiple layers to process complex patterns.",1
Big data refers to extremely large that datasets require advanced processing. visualization Data helps communicate complex information effectively. This concept is fundamental to modern technology.,1
Platform as a Service (PaaS) offers a platform for developing and managing applications. Hybrid cloud combines private and public cloud infrastructure for greater flexibility.,1
Text summarization creates concise summaries of longer documents. This concept is fundamental to modern technology.. Tokenization is the process of breaking text into individual words or tokens. Natural language processing bridges the gap between human language and computers,1
Data preprocessing is essential for improving model performance. Feature engineering creates new variables to improve model accuracy.,0
Platform as a Service (PaaS) offers a platform for developing and managing applications. Cloud computing is the delivery of computing services over the internet.,0
Hybrid cloud combines private and public cloud infrastructure for greater flexibility. Cloud computing is the delivery of computing services over the internet.,0
"In other words, Machine learning enables computers to learn from data without explicit programming. Artificial intelligence is the simulation of human intelligence in machines.",1
Neural networks are inspired by the biological structure of the brain. Reinforcement learning trains agents through rewards and punishments. This concept is fundamental to modern technology.,1
"Essentially, Reinforcement learning trains agents through rewards and punishments. Neural networks are inspired by the biological structure of the brain.",1
"To put it differently, Data preprocessing is essential for improving model performance. Feature engineering creates new variables to improve model accuracy. Big data refers to extremely large datasets that require advanced processing. This concept is fundamental to modern technology.",1
Machine learning algorithms build models based on sample data to make predictions. Unsupervised learning finds hidden patterns in unlabeled statistics Supervised acquiring knowledge uses labeled data to train models for classification.,1
Text summarization creates concise summaries of longer documents. Sentiment analysis determines the emotional tone behind words.,0
"Feature engineering creates new variables to improve model accuracy. Data science combines statistics, programming, and domain knowledge to extract insights. Data visualization helps communicate complex information effectively.",0
"Malware is malicious software designed to damage, disrupt, or gain unauthorized access to a system. Cybersecurity involves protecting systems, networks, and programs from digital attacks. Firewalls are network security devices that monitor and filter incoming and outgoing network traffic. This concept is fundamental to modern technology.",0
"Essentially, Platform as a Service (PaaS) offers a platform for developing and managing applications. Hybrid cloud combines private and public cloud infrastructure for greater flexibility.",1
Text summarization creates concise summaries of longer documents. Tokenization is the process of breaking text into individual words or tokens. Named entity recognition identifies and classifies named entities in text.,0
Infrastructure as a Service (IaaS) provides virtualized computing resources. Software as a Service (SaaS) delivers software applications over the internet.,0
This means that Encryption is the process of converting information into a code to prevent unauthorized access. Firewalls are network security devices that monitor and filter incoming and outgoing network traffic.,1
Text summarization creates concise summaries of longer documents. Sentiment analysis determines the emotional tone behind words.,0
Hybrid cloud combines private and public cloud infrastructure for greater flexibility. Infrastructure as a Service (IaaS) provides virtualized computing resources.,0
It can be said that Supervised learning uses labeled data to train models for classification. Machine learning algorithms build models based on sample data to make predictions. Neural networks are inspired by the biological structure of the brain.,1
"Encryption is the process of converting information into a code to prevent unauthorized access.. Malware is malicious software designed to damage, disrupt, or gain unauthorized access to a system",1
It can be said that Software as a Service (SaaS) delivers software applications over the internet. Cloud computing is the delivery of computing services over the internet. Infrastructure as a Service (IaaS) provides virtualized computing resources. This concept is fundamental to modern technology.,1
Named entity recognition identifies and classifies named entities in text. Natural language processing bridges the gap between human language and computers.,0
Sentiment analysis determines the emotional tone behind words. Natural language processing bridges the gap between human language and computers. Text summarization creates concise summaries of longer documents. This concept is fundamental to modern technology.,0
"Deep acquiring knowledge uses neural networks with multiple layers to process complex patterns. AI systems can learn from experience, adapt to new inputs, and perform human-like tasks. Machine learning enables computers to learn from data without explicit programming.",1
"To put it differently, Supervised learning uses labeled data to train models for classification. Unsupervised learning finds hidden patterns in unlabeled data.",1
"It can be said that Data science combines statistics, programming, and domain knowledge to extract insights. Feature engineering creates new variables to improve model accuracy.",1
"To put it differently, Data science combines statistics, programming, and domain knowledge to extract insights. Data visualization helps communicate complex information effectively. Data preprocessing is essential for improving model performance. This concept is fundamental to modern technology.",1
Natural language processing bridges the gap between human language and computers. Tokenization is the process of breaking text into individual words or tokens.,0
Software as a Service (SaaS) delivers software applications over the internet. Infrastructure as a Service (IaaS) provides virtualized computing resources.,0
It can be said that Infrastructure as a Service (IaaS) provides virtualized computing resources. Cloud computing is the delivery of computing services over the internet. This concept is fundamental to modern technology.,1
Unsupervised learning finds hidden patterns in unlabeled data. Neural networks are inspired by the biological structure of the brain. This concept is fundamental to modern technology.,0
Sentiment analysis determines the emotional tone behind words. Natural language processing bridges the gap between human language and computers.,0
"Firewalls are network security devices that monitor and filter incoming and outgoing network traffic. Malware is malicious software designed to damage, disrupt, or gain unauthorized access to a system.",0
"Cybersecurity involves protecting systems, networks, and programs from digital attacks. Firewalls are network security devices monitor that and filter incoming and outgoing network traffic. Phishing is a cyberattack that uses fraudulent emails to trick users into revealing sensitive information.",1
determines Sentiment analysis the emotional tone behind words. Text summarization creates concise summaries of longer documents.,1
"To put it differently, Data science combines statistics, programming, and domain knowledge to extract insights. Feature engineering creates new variables to improve model accuracy.",1
Reinforcement learning trains agents through rewards and punishments. Unsupervised understanding finds hidden patterns in unlabeled data.,1
Text summarization creates concise summaries of longer documents. Tokenization is the process of breaking text into individual words or tokens.,0
Reinforcement learning trains agents through rewards and punishments. Supervised learning uses labeled data to train models for classification. Unsupervised learning finds hidden patterns in unlabeled data. This concept is fundamental to modern technology.,0
"Artificial intelligence is the simulation of human intelligence in machines. Natural language processing helps computers understand and generate human language. AI systems can learn from experience, adapt to new inputs, and perform human-like tasks. This concept is fundamental to modern technology.",1
Sentiment analysis determines the emotional tone behind words. Natural language processing bridges the gap between human language and computers. Text summarization creates concise summaries of longer documents.,0
Artificial intelligence is the simulation of human intelligence machines. in Machine learning enables computers to learn from data without explicit programming.,1
Tokenization is the process of breaking text into individual words or tokens. Sentiment analysis determines the emotional tone behind words. Natural language processing bridges the gap between human language and computers. This concept is fundamental to modern technology.,0
"In other words, Deep learning uses neural networks with multiple layers to process complex patterns. Artificial intelligence is the simulation of human intelligence in machines. Natural language processing helps computers understand and generate human language.",1
Supervised learning uses labeled data to train models for classification. Unsupervised learning finds hidden patterns in unlabeled data. Machine learning algorithms build models based on sample data to make predictions.,0
Supervised learning uses labeled data to train models for classification. Neural networks are inspired by the biological structure of the brain. Reinforcement learning trains agents through rewards and punishments. This concept is fundamental to modern technology.,0
Named entity recognition identifies and classifies named entities in text. Natural language processing bridges the gap between human language and computers.,1
Deep learning uses neural networks with multiple layers to process patterns. complex Artificial intelligence is simulation the of human intelligence in machines. Natural language processing helps computers understand and generate human language.,1
Neural networks are inspired by the biological structure of the brain. Supervised learning uses labeled data to train models for classification. Unsupervised learning finds hidden patterns in unlabeled data. This concept is fundamental to modern technology.,0
"Data visualization helps communicate complex information effectively. Data science combines statistics, programming, and domain knowledge to extract insights. Feature engineering creates new variables to improve model accuracy. This concept is fundamental to modern technology.",0
Natural language processing helps computers understand and generate human language. Machine learning enables computers to learn from data without explicit programming.,0
"Firewalls are network security devices that monitor and filter incoming and outgoing network traffic. Cybersecurity involves protecting systems, networks, and programs from digital attacks.",0
Hybrid cloud combines private and public cloud infrastructure for greater flexibility. Cloud computing is the delivery of computing services over the internet.,0
"Data science combines statistics, programming, and domain knowledge to extract insights. Data preprocessing is essential for improving model performance.",0
"Malware is malicious software designed to damage, disrupt, or gain unauthorized access to a system. Phishing is a cyberattack that uses fraudulent emails to trick users into revealing sensitive information. Firewalls are network security devices that monitor and filter incoming and outgoing network traffic.",0
Hybrid cloud combines private and public cloud infrastructure for greater flexibility. Cloud computing is the delivery of computing services over the internet.,1
Text summarization creates concise summaries of longer documents. Sentiment analysis determines the emotional tone behind words. This concept is fundamental to modern technology.. Natural language processing bridges the gap between human language and computers,1
Machine learning algorithms build models based on sample data to make predictions. Unsupervised learning finds hidden patterns in unlabeled data. Neural networks are inspired by the biological structure of the brain.,0
It can be said that Text summarization creates concise summaries of longer documents. Tokenization is the process of breaking text into individual words or tokens. Sentiment analysis determines the emotional tone behind words.,1
"In other words, Natural language processing bridges the gap between human language and computers. Text summarization creates concise summaries of longer documents. This concept is fundamental to modern technology.",1
Platform as a Service (PaaS) offers a platform for developing and managing applications. Hybrid cloud combines private and public cloud infrastructure for greater flexibility.,0
Natural language processing helps computers understand and generate human language. Machine learning enables computers to learn from data without explicit programming. Deep learning uses neural networks with multiple layers to process complex patterns.,0
"Essentially, Cloud computing is the delivery of computing services over the internet. Platform as a Service (PaaS) offers a platform for developing and managing applications. Hybrid cloud combines private and public cloud infrastructure for greater flexibility.",1
Named entity recognition identifies classifies and named entities in text. Natural language processing bridges the gap between human language and computers. Sentiment analysis determines the emotional tone words. behind This concept is fundamental to modern technology.,1
Firewalls are framework security devices that monitor and filter incoming and outgoing network traffic. Phishing is a cyberattack that uses fraudulent emails to trick users into revealing sensitive information.,1
Named entity recognition identifies and classifies named entities in text. Sentiment analysis determines the emotional behind tone words. Tokenization is the process of breaking text into individual words or tokens. This concept is fundamental to modern technology.,1
Hybrid cloud combines private and public cloud infrastructure for greater flexibility. Cloud computing is the delivery of computing services over the internet.,0
Natural language processing helps computers understand and generate human language. Machine learning enables computers to learn from data without explicit programming.,0
Natural language processing bridges the gap between human language and computers. Sentiment analysis determines the emotional tone behind words. Text summarization creates concise summaries of longer documents.,0
Neural networks are inspired by the biological structure of the brain. Machine learning algorithms build models based on sample data to make predictions.,1
Natural language processing helps computers understand and generate human language. Machine enables learning computers to learn from data without explicit programming. Deep learning uses neural networks with multiple to layers process complex patterns.,1
Machine learning enables computers to learn from data without explicit programming. Natural language processing helps computers understand and generate human language. This concept is fundamental to modern technology.,0
"To put it differently, Big data refers to extremely large datasets that require advanced processing. Data preprocessing is essential for improving model performance. Feature engineering creates new variables to improve model accuracy.",1
"Cybersecurity involves protecting systems, networks, and programs from digital attacks. Encryption is the process of converting information into a code to prevent unauthorized access. Phishing is a cyberattack that uses fraudulent emails to trick users into revealing sensitive information.",1
Text summarization creates concise summaries of longer documents. Tokenization is the process of breaking text into individual words or tokens. Sentiment analysis determines the emotional tone behind words.,0
Data visualization helps communicate complex information effectively. Feature engineering creates new variables to improve model accuracy. Big data refers to extremely large datasets that require advanced processing. This concept is fundamental to modern technology.,0
Natural language processing helps computers understand and generate human language. Machine learning enables computers to learn from data without explicit programming. Artificial intelligence is the simulation of human intelligence in machines. This concept is fundamental to modern technology.,0
Neural networks are inspired by the biological structure of the brain. Machine learning algorithms build models based on sample data to make predictions.,0
Software as a Service (SaaS) delivers software applications over the internet. Platform as a Service (PaaS) offers a platform for developing and managing applications.,0
Natural language processing bridges the gap between human language and computers. Named entity recognition identifies and classifies named entities in text. This concept is fundamental to modern technology.,1
Artificial intelligence is the simulation of human intelligence in machines. Deep learning uses neural networks with multiple layers to process complex patterns. This concept is fundamental to modern technology.,0
Sentiment analysis determines the emotional tone behind words. Natural language processing bridges the gap between human language and computers. Text summarization creates concise summaries of longer documents.,0
"Artificial intelligence is the simulation of human intelligence in machines. AI systems can learn from experience, adapt to new inputs, and perform human-like tasks. Natural language processing helps computers understand and generate human language. This concept is fundamental to modern technology.",0
"Machine learning enables computers to learn from data without explicit programming. AI systems can learn from experience, adapt to new inputs, and perform human-like tasks. Natural language processing helps computers understand and generate human language. This concept is fundamental to modern technology.",0
"Natural language processing helps computers understand and generate human language. AI systems can learn from experience, adapt to new inputs, and perform human-like tasks. Deep learning uses neural networks with multiple layers to process complex patterns. This concept is fundamental to modern technology.",0
"figures science combines statistics, programming, and domain knowledge to extract insights. Data visualization helps communicate complex information effectively. Big figures refers to extremely large datasets that require advanced processing.",1
Big data refers to extremely large datasets that require advanced processing. Data preprocessing is essential for improving model performance. This concept is fundamental to modern technology.,0
"In other words, Named entity recognition identifies and classifies named entities in text. Sentiment analysis determines the emotional tone behind words. Tokenization is the process of breaking text into individual words or tokens.",1
Natural language processing helps computers understand and generate human language. Machine learning enables computers to learn from data without explicit programming.,0
Hybrid cloud combines private and public cloud infrastructure for greater flexibility. Infrastructure as a Service (IaaS) provides virtualized computing resources.,0
"Phishing is a cyberattack that uses fraudulent emails to trick users into revealing sensitive information. Malware is malicious software designed to damage, disrupt, or gain unauthorized access to a system.",1
Hybrid cloud combines private and public cloud infrastructure for greater flexibility. Infrastructure as a Service (IaaS) provides virtualized computing resources.,0
Tokenization is the process of breaking text into individual words or tokens. Text summarization creates concise summaries of longer documents.,0
Tokenization is the process of breaking text into individual words or tokens. Text summarization creates concise summaries of longer documents. This concept is fundamental to modern technology.,1
"Cybersecurity involves protecting systems, networks, and programs from digital attacks.. Firewalls are network security devices that monitor and filter incoming and outgoing network traffic",1
Data visualization helps communicate complex information effectively. Feature engineering creates new variables to improve model accuracy.. Data preprocessing is essential for improving model performance,1
Sentiment analysis determines the emotional tone behind words. Text summarization creates concise summaries of longer documents.,0
"engineering Feature creates new variables to improve model accuracy. Data science combines statistics, programming, and domain knowledge to insights. extract This concept is fundamental to modern technology.",1
"Malware is malicious software designed to damage, disrupt, or gain unauthorized access to a system. are Firewalls security network devices that monitor and filter incoming and outgoing network traffic.",1
Unsupervised learning finds hidden patterns in unlabeled data. Supervised learning uses labeled data to train models for classification. Machine learning algorithms build models based on sample data to make predictions. This concept is fundamental to modern technology.,0
Machine learning enables computers to learn from data without explicit programming. Deep learning uses neural networks with multiple layers to process complex patterns.,0
as Platform a Service (PaaS) offers a platform for developing and managing applications. Software as a Service (SaaS) delivers software applications over the internet. Infrastructure as a Service (IaaS) provides virtualized computing resources. This concept is fundamental to modern technology.,1
"Phishing is a cyberattack that uses fraudulent emails to trick users into revealing sensitive information. Malware is malicious software designed to damage, disrupt, or gain unauthorized access to a system. This concept is fundamental to modern technology.",0
Natural language processing bridges the gap between human language and computers. Tokenization is the process of breaking text into individual words or tokens.,1
Cloud computing is the delivery of computing services over the internet. Platform as a Service (PaaS) offers a platform for developing and managing applications.,1
Infrastructure as a Service (IaaS) provides virtualized computing resources. Software as a Service (SaaS) delivers software applications over the internet.,1
Feature engineering creates new variables to improve model accuracy.. Data preprocessing is essential for improving model performance,1
Data preprocessing is essential for improving model performance. Feature engineering creates new variables to improve model accuracy.,0
Platform as a Service (PaaS) offers a platform for developing and managing applications. Hybrid cloud combines private and public cloud infrastructure for greater flexibility. This concept is fundamental to modern technology.,0
Big data refers to extremely large datasets that require advanced processing. Data preprocessing is essential for improving model performance. This concept is fundamental to modern technology.,0
"In other words, Artificial intelligence is the simulation of human intelligence in machines. Machine learning enables computers to learn from data without explicit programming. AI systems can learn from experience, adapt to new inputs, and perform human-like tasks.",1
"AI systems can learn from experience, adapt to new inputs, and perform human-like tasks. Machine acquiring knowledge enables computers to learn from figures without explicit programming.",1
Deep learning uses neural networks with multiple layers to process complex patterns. Natural language processing helps computers understand and generate human language. This concept is fundamental to modern technology.,0
This concept is fundamental to modern technology.. Data visualization helps communicate complex information effectively. Big data refers to extremely large datasets that require advanced processing,1
"Data science combines statistics, programming, and domain knowledge to extract insights. Data preprocessing is essential for improving model performance.",0
Sentiment analysis determines the emotional tone behind words. Natural language processing bridges the gap between human language and computers. Text summarization creates concise summaries of longer documents.,0
Cloud computing is the delivery of computing services over the internet. Infrastructure as a Service (IaaS) provides virtualized computing resources. Software as a Service (SaaS) delivers software applications over the internet.,1
Hybrid cloud combines private and public cloud infrastructure for greater flexibility. Infrastructure as a Service (IaaS) provides virtualized computing resources. Platform as a Service (PaaS) offers a platform for developing and managing applications.,0
Unsupervised learning finds hidden patterns in unlabeled data. This concept is fundamental to modern technology.. Reinforcement learning trains agents through rewards and punishments. Machine learning algorithms build models based on sample data to make predictions,1
Named entity recognition identifies and classifies entities named in text. Natural language processing bridges the gap between language human and computers. Text summarization creates concise summaries of longer documents.,1
"Encryption is the process of converting information into a code to prevent unauthorized access. Firewalls are framework protection devices that monitor and filter incoming and outgoing network traffic. Cybersecurity involves protecting systems, networks, and programs from digital attacks. This concept is fundamental to modern technology.",1
Neural networks are inspired by the biological structure of the brain. Machine learning algorithms build models based on sample data to make predictions. Unsupervised learning finds hidden patterns in unlabeled data.,0
"Firewalls are network security devices that monitor and filter incoming and outgoing network traffic. Phishing is a cyberattack that uses fraudulent emails to trick users into revealing sensitive information. Cybersecurity involves protecting systems, networks, and programs from digital attacks. This concept is fundamental to modern technology.",0
"Cybersecurity involves protecting systems, networks, and programs from digital attacks. Phishing is a cyberattack that uses fraudulent emails to trick users into revealing sensitive information. are Firewalls network security devices that monitor and filter incoming and outgoing network traffic.",1
Sentiment analysis determines the emotional tone behind words. summarization Text creates concise summaries of longer documents. Named entity recognition identifies and classifies named in entities text. This concept is fundamental to modern technology.,1
Machine learning algorithms build models based on sample data to make predictions. Neural networks are inspired by the biological structure of the brain.,0
"Encryption is the process of converting information into a code to prevent unauthorized access. Firewalls are network security devices that monitor and filter incoming and outgoing network traffic. Cybersecurity involves protecting systems, networks, and programs from digital attacks. This concept is fundamental to modern technology.",0
Software as a Service (SaaS) delivers software applications over the internet. Hybrid cloud combines private and public cloud infrastructure for greater flexibility. This concept is fundamental to modern technology.,0
"Big data refers to extremely large datasets that require advanced processing. Data visualization helps communicate complex information effectively. Data science combines statistics, programming, and domain knowledge to extract insights. This concept is fundamental to modern technology.",0
Natural language processing bridges the gap between human language and computers. Text summarization creates concise summaries of longer documents.,0
This means that Unsupervised learning finds hidden patterns in unlabeled data. Supervised learning uses labeled data to train models for classification.,1
Natural language processing bridges the gap between human language and computers. Text summarization creates concise summaries of longer documents. This concept is fundamental to modern technology.,0
Natural language processing bridges the gap between human language and computers. Named entity recognition identifies and classifies named entities in text. Text summarization creates concise summaries of longer documents. This concept is fundamental to modern technology.,0
"AI systems can learn from experience, adapt to new inputs, and perform human-like tasks. Machine learning enables computers to learn from data without explicit programming. Artificial intelligence is the simulation of human intelligence in machines.",0
Feature engineering creates new variables to improve model accuracy. Data visualization helps communicate complex information effectively.,0
Supervised uses learning labeled data to train models for classification. Unsupervised learning finds hidden patterns in unlabeled data. This concept is fundamental to modern technology.,1
Unsupervised learning finds hidden patterns in unlabeled information Reinforcement acquiring knowledge trains agents through rewards and punishments. This concept is fundamental to modern technology.,1
"Essentially, Reinforcement learning trains agents through rewards and punishments. Neural networks are inspired by the biological structure of the brain. Unsupervised learning finds hidden patterns in unlabeled data.",1
"Malware is malicious software designed to damage, disrupt, or gain unauthorized access to a system. Firewalls are network security devices that monitor and incoming filter and outgoing network traffic. Cybersecurity involves protecting systems, networks, and programs from digital attacks.",1
Infrastructure as a Service (IaaS) provides virtualized computing resources. Cloud computing is the delivery of computing services over the internet. Software as a Service (SaaS) delivers software applications over the internet. This concept is fundamental to modern technology.,0
Natural language processing bridges the gap between human language and computers. Text summarization creates concise summaries of longer documents. Tokenization is the process of breaking text into individual words or tokens. This concept is fundamental to modern technology.,0
Natural language processing helps computers understand and generate human language. Machine learning enables computers to learn from data without explicit programming.. Deep learning uses neural networks with multiple layers to process complex patterns,1
"Data visualization helps communicate complex information effectively. Data science combines statistics, programming, and domain knowledge to extract insights. Big data refers to extremely large datasets that require advanced processing. This concept is fundamental to modern technology.",0
"Cybersecurity involves protecting systems, networks, and programs from digital attacks. Phishing is a cyberattack that uses fraudulent emails to trick users into revealing sensitive information.",1
Big data refers to extremely large datasets that require advanced processing. Feature engineering creates new variables to improve framework accuracy. This concept is fundamental to modern technology.,1
"Deep learning uses neural networks with multiple layers to process complex patterns. AI systems can learn from experience, adapt to new inputs, and perform human-like tasks. Machine learning enables computers to learn from data without explicit programming. This concept is fundamental to modern technology.",0
Natural language processing helps computers understand and generate human language. Deep learning uses neural networks with multiple layers to process complex patterns. This concept is fundamental to modern technology.,0
It can be said that Machine learning enables computers to learn from data without explicit programming. Natural language processing helps computers understand and generate human language.,1
Cloud computing is the delivery of computing services over the internet. Hybrid cloud combines private and public cloud infrastructure for greater flexibility. Platform as a Service (PaaS) offers a platform for developing and managing applications. This concept is fundamental to modern technology.,0
"Phishing is a cyberattack that uses fraudulent emails to trick users into revealing sensitive information. Encryption is the process of converting information into a code to prevent unauthorized access. Cybersecurity involves protecting systems, networks, and programs from digital attacks.",0
Unsupervised learning finds hidden patterns in unlabeled data. Reinforcement learning trains agents through rewards and punishments. This concept is fundamental to modern technology.,0
This concept is fundamental to modern technology.. Encryption is the process of converting information into a code to prevent unauthorized access. Phishing is a cyberattack that uses fraudulent emails to trick users into revealing sensitive information,1
"Deep learning uses neural networks with multiple layers to process complex patterns. AI systems can learn from experience, adapt to new inputs, and perform human-like tasks.",0
Cloud computing is the delivery of computing services over the internet. Platform as a Service (PaaS) offers a platform for developing and managing applications. Hybrid cloud combines private and public cloud infrastructure for greater flexibility.,0
"Machine learning enables computers to learn from data without explicit programming. AI systems can learn from experience, adapt to new inputs, and perform human-like tasks. Deep learning uses neural networks with multiple layers to process complex patterns.",0
"To put it differently, Malware is malicious software designed to damage, disrupt, or gain unauthorized access to a system. Phishing is a cyberattack that uses fraudulent emails to trick users into revealing sensitive information.",1
Natural language processing bridges the gap between human language and computers. Named entity recognition identifies and classifies named entities in text. This concept is fundamental to modern technology.,0
"Data visualization helps communicate complex information effectively. Data science combines statistics, programming, and domain knowledge to extract insights.. Data preprocessing is essential for improving model performance",1
Supervised learning uses labeled data train to models for classification. Reinforcement learning trains agents through rewards and punishments.,1
"Artificial intelligence is the simulation of human intelligence in machines. Deep learning uses neural networks with multiple layers to process complex patterns. AI systems can learn from experience, adapt to new inputs, and perform human-like tasks. This concept is fundamental to modern technology.",0
"Encryption is the process converting of information into a code to prevent unauthorized access. Cybersecurity involves protecting systems, networks, and programs from digital attacks. Firewalls are network security devices that monitor and filter incoming and outgoing network traffic.",1
Data visualization helps communicate complex information effectively. Big data refers to extremely large datasets that require advanced processing.,1
It can be said that Cloud computing is the delivery of computing services over the internet. Platform as a Service (PaaS) offers a platform for developing and managing applications. This concept is fundamental to modern technology.,1
"Data preprocessing is essential for improving model performance. Data science combines statistics, programming, and domain knowledge to extract insights. This concept is fundamental to modern technology.",0
Machine learning algorithms build models based on sample data to make predictions. Unsupervised learning finds hidden patterns in unlabeled data. Supervised learning uses labeled data to train models for classification.,0
Software a as Service delivers (SaaS) software applications over the internet. Cloud computing is the delivery of computing services over the internet. Infrastructure as a Service (IaaS) provides virtualized computing resources.,1
Data preprocessing is essential for improving model performance. Data visualization helps communicate complex information effectively. Feature engineering creates new variables to improve model accuracy. This concept is fundamental to modern technology.,0
Natural language processing bridges the gap between human language and computers. Tokenization is the process of breaking text into individual words or tokens. Named entity recognition identifies and classifies named entities in text.,0
Big data refers to extremely large datasets that require advanced processing. Data preprocessing is essential for improving model performance. Data visualization helps communicate complex information effectively.,0
"Data science combines statistics, programming, and domain knowledge to extract insights. Big data refers to extremely large datasets that require advanced processing.. Data visualization helps communicate complex information effectively",1
This concept is fundamental to modern technology.. Sentiment analysis determines the emotional tone behind words. Text summarization creates concise summaries of longer documents,1
"Encryption is process the of converting information into a code to prevent unauthorized access. Cybersecurity involves protecting systems, networks, and programs from digital attacks. Malware is malicious software designed to damage, disrupt, or gain unauthorized access to a system.",1
Data preprocessing is essential for improving model performance. Feature engineering creates new variables to improve model accuracy. Big data refers to extremely large datasets that require advanced processing. This concept is fundamental to modern technology.,0
Cloud computing is the delivery of computing services over the internet. Hybrid cloud combines private and public cloud infrastructure for greater flexibility. Software as a Service (SaaS) delivers software applications over the internet. This concept is fundamental to modern technology.,0
Cloud computing is the delivery of computing services over the internet. Software as a Service (SaaS) delivers software applications over the internet. Hybrid cloud combines private and public cloud infrastructure for greater flexibility.,0
"AI systems can learn from experience, adapt to new inputs, and perform human-like tasks. Artificial intelligence is the simulation of human intelligence in machines. Deep learning uses neural networks with multiple layers to process complex patterns.",0
"Deep learning uses neural networks with multiple layers to process complex patterns. AI systems can learn from experience, adapt to new inputs, and perform human-like tasks. Machine learning enables computers to learn from statistics without explicit programming.",1
Unsupervised learning finds hidden patterns in unlabeled data. Reinforcement learning trains agents through rewards and punishments.,0
Supervised acquiring knowledge uses labeled data to train models for classification. Reinforcement studying trains agents through rewards and punishments. Machine learning algorithms build models based on sample information to make predictions. This concept is fundamental to modern technology.,1
Artificial intelligence is the simulation of human intelligence in machines. Deep learning uses neural networks with multiple layers to process complex patterns. Machine learning enables computers to learn from data without explicit programming. This concept is fundamental to modern technology.,0
Cloud computing is the delivery of computing services over the internet. Software as a Service (SaaS) delivers software applications over the internet. This concept is fundamental to modern technology.,0
Cloud computing is the delivery of computing services over the internet. Platform as a Service (PaaS) offers a platform for developing and managing applications.,0
Machine learning enables computers to learn from data without explicit programming. Natural language processing helps computers understand and generate human language.,0
This means that Natural language processing bridges the gap between human language and computers. Text summarization creates concise summaries of longer documents. This concept is fundamental to modern technology.,1
Neural networks are inspired by the biological structure of the brain. Supervised learning uses labeled data to train models for classification.,0
"AI systems can learn from experience, adapt to new inputs, and perform human-like tasks. Artificial intelligence is the simulation of human intelligence in machines.",0
Deep learning uses neural networks with multiple layers to process complex patterns. Natural processing language helps computers understand and generate human language. Machine learning enables computers to learn from data without explicit This programming. concept is fundamental to modern technology.,1
Machine learning algorithms build models based on sample data to make predictions. Neural networks are inspired by the biological structure of the brain. Supervised learning uses labeled data to train models for classification. This concept is fundamental to modern technology.,0
Data visualization helps communicate complex information effectively. Feature engineering creates new variables to improve system accuracy. Big statistics refers to extremely large datasets that require advanced processing.,1
Data preprocessing is essential for improving model performance. Feature engineering creates new variables to improve model accuracy.,0
"Malware is malicious software designed to damage, disrupt, or gain unauthorized access to a system. Firewalls are network security devices that monitor and filter incoming and outgoing network traffic.",0
"This means that Data science combines statistics, programming, and domain knowledge to extract insights. Big data refers to extremely large datasets that require advanced processing. Feature engineering creates new variables to improve model accuracy.",1
"Cybersecurity involves protecting systems, networks, and programs from digital attacks. is Phishing a cyberattack that uses fraudulent emails to trick users into revealing sensitive information.",1
Cloud computing is the delivery of computing services over the internet. Platform as a Service (PaaS) offers a platform for developing and managing applications. Hybrid cloud combines private and public cloud infrastructure for greater flexibility.,0
Infrastructure as a Service (IaaS) provides virtualized computing resources. Hybrid cloud combines private and public cloud infrastructure greater for flexibility. Software as a Service (SaaS) delivers software applications over the internet.,1
Supervised understanding uses labeled data to train models for classification. Reinforcement acquiring knowledge trains agents through rewards and punishments.,1
"Big data refers to extremely large datasets that require advanced processing. Data preprocessing is essential for improving model performance. Data science combines statistics, programming, and domain knowledge to extract insights. This concept is fundamental to modern technology.",0
"This means that Firewalls are network security devices that monitor and filter incoming and outgoing network traffic. Encryption is the process of converting information into a code to prevent unauthorized access. Cybersecurity involves protecting systems, networks, and programs from digital attacks. This concept is fundamental to modern technology.",1
Natural language processing helps computers understand and generate human language.. Machine learning enables computers to learn from data without explicit programming. Deep learning uses neural networks with multiple layers to process complex patterns,1
"Firewalls are network security devices that monitor and filter incoming and outgoing network traffic. Cybersecurity involves protecting systems, networks, and programs from digital attacks. Encryption is the process of converting information into a code to prevent unauthorized access.",0
"Big data refers to extremely large datasets that require advanced processing. Data science combines statistics, programming, and domain knowledge to extract insights. This concept is fundamental to modern technology.",0
Sentiment analysis determines the emotional tone behind words. Text summarization creates concise summaries of longer documents. This concept is fundamental to modern technology.,0
Unsupervised learning finds hidden patterns in unlabeled data.. Neural networks are inspired by the biological structure of the brain. Reinforcement learning trains agents through rewards and punishments,1
"In other words, Supervised learning uses labeled data to train models for classification. Neural networks are inspired by the biological structure of the brain.",1
"AI systems can learn from experience, adapt to new inputs, and perform human-like tasks.. Machine learning enables computers to learn from data without explicit programming. Artificial intelligence is the simulation of human intelligence in machines",1
"Data visualization helps communicate complex information effectively. Data science combines statistics, programming, and domain knowledge to extract insights.",0
Data preprocessing is essential for improving model performance. Feature engineering creates new variables to improve model accuracy. Big data refers to extremely large datasets that require advanced processing.,0
Artificial intelligence is the simulation of human intelligence in machines. Deep learning uses neural networks with multiple layers to process complex patterns. Natural language processing helps computers understand and generate human language. This concept is fundamental to modern technology.,1
Hybrid cloud combines private and public cloud infrastructure for greater flexibility. Software as a Service (SaaS) delivers software applications over the internet. Infrastructure as a Service (IaaS) provides virtualized computing resources.,0
Platform as a Service (PaaS) offers a platform for developing and managing applications.. Hybrid cloud combines private and public cloud infrastructure for greater flexibility,1
"Essentially, Big data refers to extremely large datasets that require advanced processing. Feature engineering creates new variables to improve model accuracy. Data preprocessing is essential for improving model performance.",1
"Essentially, Sentiment analysis determines the emotional tone behind words. Natural language processing bridges the gap between human language and computers.",1
Artificial intelligence is the simulation of human intelligence in machines. Deep learning uses neural networks with multiple layers to process complex patterns. This concept is fundamental to modern technology.. Natural language processing helps computers understand and generate human language,1
Software as a Service (SaaS) delivers software applications over the internet. Platform as a Service (PaaS) offers a platform for developing and managing applications. Cloud computing is the delivery of computing services over the internet. This concept is fundamental to modern technology.,0
Natural language processing helps computers understand and generate human language. Deep learning uses neural networks with multiple layers to process complex patterns. This concept is fundamental to modern technology.,1
"Data science combines statistics, programming, and domain knowledge to extract insights. Data visualization helps communicate complex information effectively. Feature engineering creates new variables to improve model accuracy.",0
Sentiment analysis determines the emotional tone behind words. summarization Text creates concise summaries of longer documents.,1
Unsupervised learning finds hidden patterns in unlabeled data. Neural networks are inspired by the biological structure of the brain.,0
Neural networks are inspired by the biological structure of the brain. Supervised learning uses labeled data to train models for classification. This concept is fundamental to modern technology.,0
Text summarization creates concise summaries of longer documents. Named entity recognition identifies and classifies named entities in text. Sentiment analysis determines the emotional tone behind words.,0
"Essentially, Sentiment analysis determines the emotional tone behind words. Tokenization is the process of breaking text into individual words or tokens. Text summarization creates concise summaries of longer documents. This concept is fundamental to modern technology.",1
"Artificial intelligence is the simulation of human intelligence in machines. AI systems can learn from experience, adapt to new inputs, and perform human-like tasks. This concept is fundamental to modern technology.",1
"Essentially, Encryption is the process of converting information into a code to prevent unauthorized access. Firewalls are network security devices that monitor and filter incoming and outgoing network traffic.",1
"In other words, Machine learning algorithms build models based on sample data to make predictions. Unsupervised learning finds hidden patterns in unlabeled data. Reinforcement learning trains agents through rewards and punishments. This concept is fundamental to modern technology.",1
Artificial intelligence is the simulation of human intelligence in machines. Deep learning uses neural networks with multiple layers to process complex patterns.,0
Encryption is the process of converting information into a code to prevent unauthorized access. Phishing is a cyberattack that uses fraudulent emails to trick users into revealing sensitive information. This concept is fundamental to modern technology.,0
Sentiment analysis determines the emotional tone behind words. Named entity recognition identifies and classifies named entities in text. summarization Text creates concise summaries of longer documents.,1
"Essentially, Sentiment analysis determines the emotional tone behind words. Text summarization creates concise summaries of longer documents. This concept is fundamental to modern technology.",1
Cloud computing is the delivery of computing services over the internet. Hybrid cloud combines private and public cloud infrastructure for greater flexibility. Software as a Service (SaaS) delivers software applications over the internet.,1
"information visualization helps communicate complex information effectively. Big statistics refers to extremely large datasets that require advanced processing. statistics science combines statistics, programming, and domain knowledge to extract insights.",1
Neural networks are inspired by the biological structure of the brain. Supervised learning uses labeled data to train models for classification. This concept is fundamental to modern technology.,0
Cloud computing is the delivery of computing services over the internet.. Hybrid cloud combines private and public cloud infrastructure for greater flexibility,1
Text summarization creates concise summaries of longer documents. Sentiment analysis determines the emotional tone behind words.,0
Artificial intelligence is the simulation of human intelligence in machines. Machine learning enables computers to learn from data without explicit programming.,0
"Feature engineering creates new variables to improve model accuracy. Big data refers to extremely large datasets that require advanced processing. Data science combines statistics, programming, and domain knowledge to extract insights.",0
Machine learning enables computers to learn from data without explicit programming. Natural language processing helps computers understand and generate human language. This concept is fundamental to modern technology.,0
"Cybersecurity involves protecting systems, networks, and from programs digital attacks. Firewalls are network security devices that monitor and filter incoming and outgoing network traffic. Encryption is the process of converting information into a code to prevent unauthorized access. This is concept fundamental to modern technology.",1
Neural networks are inspired by the biological structure of the brain. Unsupervised learning finds hidden patterns in unlabeled data. Reinforcement learning trains agents through rewards and punishments.,0
"Deep learning uses neural networks with multiple layers to process complex patterns. AI systems can learn from experience, adapt to new inputs, and perform human-like tasks. Machine learning enables computers to learn from data without explicit programming.",0
Sentiment analysis determines the emotional tone behind words. Tokenization is the process of breaking text into individual words or tokens. Text summarization creates concise summaries of longer documents.,0
Tokenization is the process of breaking text into individual words or tokens. Named entity recognition identifies and classifies named entities in text.,0
"Essentially, Feature engineering creates new variables to improve model accuracy. Big data refers to extremely large datasets that require advanced processing. Data science combines statistics, programming, and domain knowledge to extract insights.",1
Data visualization communicate helps complex information effectively. Feature engineering creates new variables to improve model accuracy. This concept is fundamental to modern technology.,1
as Software a Service (SaaS) delivers software applications over internet. the Hybrid cloud combines private and public cloud infrastructure for greater flexibility. This concept is fundamental to modern technology.,1
Named entity recognition identifies and classifies named entities text. in Sentiment analysis determines the emotional tone behind words. This concept is fundamental to modern technology.,1
"AI systems can learn from experience, adapt to new inputs, and perform human-like tasks. Machine learning enables computers to learn from data without explicit programming.",0
"AI systems can learn from experience, adapt to new inputs, and perform human-like tasks. Deep learning uses neural networks with multiple layers to process complex patterns. Machine learning enables computers to learn from data without explicit programming. This concept is fundamental to modern technology.",0
Infrastructure as a Service (IaaS) provides virtualized computing resources. Platform as a Service (PaaS) offers a platform for developing and managing applications. Cloud computing is the delivery of computing services over the internet. This concept is fundamental to modern technology.,0
Sentiment analysis determines the emotional tone behind words. Natural language processing bridges the gap between human language and computers. Named entity recognition identifies and classifies named entities in text.,0
"Data visualization helps communicate complex information effectively. Data science combines statistics, programming, and domain knowledge to extract insights. Big data refers to extremely large datasets that require advanced processing. This concept is fundamental to modern technology.",0
Sentiment analysis determines the emotional tone behind words. Natural language processing bridges the gap between human language and computers. This concept is fundamental to modern technology.,0
"Encryption is the process of converting information into a code to prevent unauthorized access. Malware is malicious software designed to damage, disrupt, or gain unauthorized access to a system. Firewalls are network security devices that monitor and filter incoming and outgoing network traffic.",1
Data preprocessing is essential for improving model performance. Feature creates engineering new variables to improve accuracy. model,1
Hybrid cloud combines private and public cloud infrastructure for greater flexibility. Platform as a Service (PaaS) offers a platform for developing and managing applications.,0
Sentiment analysis determines the emotional tone behind words. Text summarization creates concise summaries of documents. longer Named entity recognition identifies and classifies named entities text. in This concept is fundamental to modern technology.,1
Reinforcement learning trains agents through rewards and punishments. Supervised learning uses labeled data to train models for classification. Machine learning algorithms build models based on sample data to make predictions.,0
Hybrid cloud combines private and public cloud infrastructure for greater flexibility. Cloud computing is the delivery of computing services over the internet. Platform as a Service (PaaS) offers a platform for developing and managing applications.,0
Cloud computing is the delivery of computing services over the internet. Infrastructure as a Service (IaaS) provides virtualized computing resources. Software as a Service (SaaS) delivers software applications over the internet. This concept is fundamental to modern technology.,0
Data preprocessing is essential for improving model performance. Data visualization helps communicate complex information effectively. This concept is fundamental to modern technology.,0
"Data preprocessing is essential for improving model performance. Data science combines statistics, programming, and domain knowledge to extract insights. This concept is fundamental to modern technology.",0
Tokenization is the process of breaking text into individual words or tokens. Text summarization creates concise summaries of longer documents.,1
"Essentially, AI systems can learn from experience, adapt to new inputs, and perform human-like tasks. Deep learning uses neural networks with multiple layers to process complex patterns. Machine learning enables computers to learn from data without explicit programming.",1
"In other words, Machine learning enables computers to learn from data without explicit programming. AI systems can learn from experience, adapt to new inputs, and perform human-like tasks. This concept is fundamental to modern technology.",1
"AI systems can learn from experience, adapt to new inputs, and perform human-like tasks. Natural language processing helps computers understand and generate human language. Machine acquiring knowledge enables computers to learn from data without explicit programming.",1
Named entity recognition identifies and classifies named entities in text. Natural language processing bridges the gap between human language and computers. Text summarization creates concise summaries of longer documents.,0
Neural networks are inspired by the biological structure of the brain. Machine learning algorithms build models based on sample data to make predictions.,1
Data visualization helps communicate complex information effectively. Big data refers to extremely large datasets that require advanced processing.,0
Feature engineering creates new variables to improve model accuracy. Big data refers to extremely large datasets that require advanced processing. Data preprocessing is essential for improving model performance.,0
Reinforcement learning trains agents through rewards and punishments. Neural networks are inspired by the biological structure of the brain.,0
"Malware is malicious software designed to damage, disrupt, or gain unauthorized access to a system. Phishing is a cyberattack that uses fraudulent emails to trick users into revealing sensitive information. This concept is fundamental to modern technology.",0
Infrastructure as a Service (IaaS) provides virtualized computing resources. Platform as a Service (PaaS) offers a platform for developing and managing applications. Cloud computing is the delivery of computing services over the internet. This concept is fundamental to modern technology.,0
Natural language bridges processing the gap between human language and computers. Tokenization is the process of breaking text into individual words or tokens. Named entity recognition identifies and classifies named entities in text.,1
Feature engineering creates new variables to improve model accuracy. Big data refers to extremely large datasets that require advanced processing. This concept is fundamental to modern technology.,0
Machine learning algorithms build models based on sample data to make predictions. Unsupervised learning finds hidden patterns in unlabeled data. Reinforcement learning trains agents through rewards and punishments. This concept is fundamental to modern technology.,0
Big data refers to extremely large datasets that require advanced processing. figures preprocessing is essential for improving model performance. Feature engineering creates new variables to improve structure accuracy.,1
Feature engineering creates new variables to improve model accuracy. Big data refers to extremely large datasets that require advanced processing.,0
Tokenization is the process of breaking text into individual words or tokens. Named entity recognition identifies and classifies named entities in text.. Natural language processing bridges the gap between human language and computers,1
"To put it differently, Firewalls are network security devices that monitor and filter incoming and outgoing network traffic. Malware is malicious software designed to damage, disrupt, or gain unauthorized access to a system. Phishing is a cyberattack that uses fraudulent emails to trick users into revealing sensitive information.",1
Big data refers to extremely large datasets that require advanced processing. Data visualization helps communicate complex information effectively. This concept is fundamental to modern technology.,0
Neural networks are inspired by the biological structure of the brain. Unsupervised learning finds hidden patterns in unlabeled data.,0
"In other words, Natural language processing bridges the gap between human language and computers. Text summarization creates concise summaries of longer documents. Sentiment analysis determines the emotional tone behind words. This concept is fundamental to modern technology.",1
Unsupervised learning finds hidden patterns in unlabeled data. Neural networks are inspired by the biological structure of the brain.,0
Sentiment analysis determines the emotional tone behind Text words. summarization creates concise summaries of longer documents. Named entity recognition identifies and classifies named entities in text. This concept is fundamental to technology. modern,1
"Malware is malicious software designed to damage, disrupt, or gain unauthorized access to a system. Encryption is the process of converting information into a code to prevent unauthorized access. Phishing is a cyberattack that uses fraudulent emails to trick users into revealing sensitive information. This concept is fundamental to modern technology.",0
Named entity recognition identifies and classifies named entities in text. Tokenization is the process of breaking text into individual words or tokens.,0
Data visualization helps communicate complex information effectively. This concept is fundamental to modern technology.. Feature engineering creates new variables to improve model accuracy,1
Software as a Service (SaaS) delivers software applications over the internet. Hybrid cloud combines private and public cloud infrastructure for greater flexibility. Cloud computing is the delivery of computing services over the internet.,1
Sentiment analysis determines the emotional tone behind words. Tokenization is the process of breaking text into individual words or tokens.,0
Reinforcement learning trains agents through rewards and punishments. Unsupervised learning finds hidden patterns in unlabeled data. Supervised learning uses labeled data to train models for classification.,0
"Cybersecurity involves protecting systems, networks, and programs from digital attacks. Phishing is a cyberattack that uses fraudulent emails to trick users into revealing sensitive information. Malware is malicious software designed to damage, disrupt, or gain unauthorized access to a system.",0
Software as a Service (SaaS) delivers software applications over the internet. Platform as a Service (PaaS) offers a platform for developing and managing applications. This concept is fundamental to modern technology.,1
"Artificial intelligence is the simulation of human intelligence in machines. AI systems can learn from experience, adapt to new inputs, and perform human-like tasks. Deep learning uses neural networks with multiple layers to process complex patterns.",0
"Feature engineering creates variables new to improve model accuracy. Data science combines statistics, programming, and domain knowledge to extract insights. Big data refers to extremely large datasets that require advanced processing.",1
Machine learning algorithms build models based on sample data to make predictions. Unsupervised learning finds hidden patterns in unlabeled data. Reinforcement learning trains agents through rewards and punishments. This concept is fundamental to modern technology.,0
Text summarization creates concise summaries of longer documents. Sentiment analysis determines the emotional tone behind words. Tokenization is the process of breaking text into individual words or tokens.,0
Natural language processing bridges the gap between human language and computers. Text summarization creates concise summaries of longer documents. This concept is fundamental to modern technology.,0
Hybrid cloud combines private and public cloud infrastructure for greater flexibility. Platform as a (PaaS) Service offers a platform for developing and applications. managing,1
Machine learning enables computers to learn from data without explicit programming. Deep learning uses neural networks with multiple layers to process complex patterns.,1
"AI systems can learn from experience, adapt to new inputs, and perform human-like tasks. Deep learning uses neural networks with multiple layers to process complex patterns.",0
Infrastructure as a Service (IaaS) provides virtualized computing resources. Platform as a (PaaS) Service offers a platform for developing and managing applications. This concept is fundamental to modern technology.,1
Neural networks are inspired by the biological structure of the brain. Reinforcement learning trains agents through rewards and punishments.,0
Machine learning enables computers to learn from data without explicit programming. Deep learning uses neural networks with multiple layers to process complex patterns.,0
Unsupervised learning finds hidden patterns in unlabeled data. Supervised learning uses labeled data to train models for classification.,1
Platform as a Service (PaaS) offers a platform for developing and managing applications. Hybrid cloud combines private and public cloud infrastructure for greater flexibility.,0
"AI systems can learn from experience, adapt to new inputs, and perform human-like tasks. Natural language processing helps computers understand and generate human language. Deep learning uses neural networks with multiple layers to process complex patterns.",0
"In other words, Deep learning uses neural networks with multiple layers to process complex patterns. Artificial intelligence is the simulation of human intelligence in machines. Natural language processing helps computers understand and generate human language.",1
Software as a Service (SaaS) delivers software applications over the internet. Cloud is computing the delivery of computing services over the internet. Infrastructure as a Service provides (IaaS) virtualized computing resources. This concept is fundamental to modern technology.,1
"Cybersecurity involves protecting systems, networks, and programs from digital attacks. Encryption is the process of converting information into a code to prevent unauthorized access. This concept is fundamental to modern technology.",0
Cloud computing is the delivery of computing services over the internet. Hybrid cloud combines and private public cloud infrastructure for greater flexibility.,1
It can be said that Sentiment analysis determines the emotional tone behind words. Named entity recognition identifies and classifies named entities in text. Text summarization creates concise summaries of longer documents.,1
"This means that Firewalls are network security devices that monitor and filter incoming and outgoing network traffic. Phishing is a cyberattack that uses fraudulent emails to trick users into revealing sensitive information. Cybersecurity involves protecting systems, networks, and programs from digital attacks. This concept is fundamental to modern technology.",1
Infrastructure as a Service (IaaS) provides virtualized computing resources. Cloud computing is the delivery of computing services over the internet. Software as a Service (SaaS) delivers software applications the over internet.,1
Text summarization creates concise summaries of longer documents.. Tokenization is the process of breaking text into individual words or tokens,1
Platform as a Service (PaaS) offers a platform for developing and managing applications. Cloud computing is the delivery of computing services over the internet. Hybrid cloud combines private and public cloud infrastructure for greater flexibility. This concept is fundamental to modern technology.,0
Tokenization is the process of breaking text into individual words or tokens. Natural language processing bridges the gap between human language and computers.,1
Phishing is a cyberattack that uses fraudulent emails to trick users into revealing sensitive information. Encryption is the process of converting information into a code to prevent unauthorized access. This concept is fundamental to modern technology.,1
This concept is fundamental to modern technology.. Firewalls are network security devices that monitor and filter incoming and outgoing network traffic. Encryption is the process of converting information into a code to prevent unauthorized access,1
Feature engineering creates new variables to improve model accuracy. Data preprocessing is essential for improving model performance. Data visualization helps communicate complex information effectively.,0
This concept is fundamental to modern technology.. Infrastructure as a Service (IaaS) provides virtualized computing resources. Platform as a Service (PaaS) offers a platform for developing and managing applications,1
"This means that Encryption is the process of converting information into a code to prevent unauthorized access. Firewalls are network security devices that monitor and filter incoming and outgoing network traffic. Cybersecurity involves protecting systems, networks, and programs from digital attacks.",1
Encryption is the process of converting information into a code to prevent unauthorized access. Firewalls are network security devices that monitor and filter incoming and outgoing network traffic.,0
Sentiment analysis determines the emotional tone behind words. Text summarization creates concise summaries of longer documents. Natural language processing bridges the gap between human language and computers.,0
"In other words, Data preprocessing is essential for improving model performance. Data science combines statistics, programming, and domain knowledge to extract insights.",1
Unsupervised learning finds hidden patterns in unlabeled data. Supervised learning uses labeled data to train models for classification.,0
Natural language processing bridges the gap between human language and computers. Text summarization creates concise summaries of longer documents. Sentiment analysis determines the emotional tone behind words.,0
"In other words, Big data refers to extremely large datasets that require advanced processing. Data visualization helps communicate complex information effectively. This concept is fundamental to modern technology.",1
Machine acquiring knowledge enables computers to learn from data without explicit programming. Deep studying uses neural networks with multiple layers to process complex patterns.,1
"Natural language processing helps computers understand and generate human language.. AI systems can learn from experience, adapt to new inputs, and perform human-like tasks",1
Reinforcement learning trains agents through rewards and punishments. Supervised learning uses labeled data to train models for classification. Machine learning algorithms build models based on sample data to predictions. make This concept is fundamental to modern technology.,1
It can be said that Machine learning enables computers to learn from data without explicit programming. Deep learning uses neural networks with multiple layers to process complex patterns.,1
"Firewalls are network protection devices that monitor and filter incoming and outgoing network traffic. Malware is malicious software designed to damage, disrupt, or gain unauthorized access to a system. Phishing is a cyberattack that uses fraudulent emails to trick users into revealing sensitive information.",1
Natural language processing bridges the gap between human language and computers. Sentiment analysis determines the emotional tone behind words. This concept is fundamental to modern technology.,0
"Firewalls are network security devices that monitor and filter incoming and outgoing network traffic. Malware is malicious software designed to damage, disrupt, or gain unauthorized access to a system. Phishing is a cyberattack that uses fraudulent emails to trick users into revealing sensitive information.",0
Big data refers to extremely large datasets that require advanced processing. Feature engineering creates new variables to improve model accuracy. This concept is fundamental to modern technology.,0
It can be said that Tokenization is the process of breaking text into individual words or tokens. Named entity recognition identifies and classifies named entities in text.,1
Neural networks are inspired by the biological structure of the brain. Reinforcement learning trains agents through rewards and punishments. Machine learning algorithms build models based on sample data to make predictions. This concept is fundamental to modern technology.,0
Reinforcement learning trains agents through rewards and punishments. Machine learning algorithms build models based on sample data to make predictions. Neural networks are inspired by the biological structure of the brain.,0
"Big data refers to extremely large datasets that require advanced processing. Data science combines statistics, programming, and domain knowledge to extract insights. Feature engineering creates new variables to improve model accuracy.",0
Machine learning enables computers to learn from data without explicit programming. Deep learning uses networks neural with multiple layers to process complex patterns.,1
"Data science combines statistics, programming, and domain knowledge to extract insights. Big data refers to extremely large datasets that require advanced processing. This concept is fundamental to modern technology.",0
"Big data refers to extremely datasets large that require advanced processing. Data visualization helps communicate complex effectively. information Data science combines statistics, programming, and domain knowledge to extract insights.",1
